ID,name,province,municipality,altitude,gradient,distance,mountain_slope,technical_difficulty,url,peak_coords,photo,peak_coords_MDB
0,Angliru,Asturias,Santa Eulalia,1570,1423,18.0,7.0,528,https://www.altimetrias.net/aspbk/verPuerto.asp?id=257,"(43.221596,-5.94178)",,"[-5.94178,43.221596]"
1,Gamoniteiro,Asturias,Pola-Cobertoria,1772,1465,15.0,9.0,492,https://www.altimetrias.net/aspbk/verPuerto.asp?id=468,"(43.18786,-5.923458)",,"[-5.923458,43.18786]"
4,Pajares-Cuitu Negru,Asturias,Campomanes,1843,1466,25.0,5.0,394,https://www.altimetrias.net/aspbk/verPuerto.asp?id=752,"(42.96824,-5.788388)",,"[-5.788388,42.96824]"
5,Puerto Camacho,Granada,Órgiva-Los Tablones,1873,1551,20.0,7.0,384,https://www.altimetrias.net/aspbk/verPuerto.asp?id=417,"(36.8412261,-3.3678194)",,"[-3.3678194,36.8412261]"
6,Morredero - Portillinos,León,Ponferrada,1946,1436,33.0,4.0,378,https://www.altimetrias.net/aspbk/verPuerto.asp?id=275,"(42.36657,-6.460883)",,"[-6.460883,42.36657]"
7,Navacerrada-Bola Del Mundo,Madrid,Collado Villalba,2258,1369,21.0,6.0,353,https://www.altimetrias.net/aspbk/verPuerto.asp?id=380,"(40.784993,-3.980012)",,"[-3.980012,40.784993]"
8,Mont Caro,Tarragona,Roquetes,1436,1427,22.0,6.0,352,https://www.altimetrias.net/aspbk/verPuerto.asp?id=169,"(40.804,0.34388)",,"[0.34388,40.804]"
9,Salto De La Cabra,Cantabria,La Hermida,1116,1011,10.0,9.0,346,https://www.altimetrias.net/aspbk/verPuerto.asp?id=678,"(43.23877,-4.66278)",,"[-4.66278,43.23877]"
11,Carrascoy,Murcia,MU - 603,1058,868,9.0,9.0,322,https://www.altimetrias.net/aspbk/verPuerto.asp?id=251,"(37.844234,-1.270988)",,"[-1.270988,37.844234]"
12,Oiz,Bizkaia,Gernika,1019,1012,20.0,5.0,313,https://www.altimetrias.net/aspbk/verPuerto.asp?id=671,"(43.227544,-2.592034)",,"[-2.592034,43.227544]"
13,Haza Del Lino,Granada,Rubite,1302,1291,22.0,5.0,312,https://www.altimetrias.net/aspbk/verPuerto.asp?id=542,"(36.813207,-3.306348)",,"[-3.306348,36.813207]"
16,Pradell,Barcelona,Guardiola de Berguedà,1732,1027,14.0,6.0,301,https://www.altimetrias.net/aspbk/verPuerto.asp?id=480,"(42.201164,1.770284)",,"[1.770284,42.201164]"
17,Fonte Da Cova-Collada Trevinca,Ourense,Sobradelo,1837,1507,27.0,5.0,301,https://www.altimetrias.net/aspbk/verPuerto.asp?id=290,"(42.313379,-6.731708)",,"[-6.731708,42.313379]"
18,Turó De L´Home,Barcelona,Sant Celoni,1654,1495,25.0,5.0,299,https://www.altimetrias.net/aspbk/verPuerto.asp?id=157,"(41.774609,2.437036)",,"[2.437036,41.774609]"
19,La Panadera,Jaén,Los Villares,1839,1255,23.0,5.0,298,https://www.altimetrias.net/aspbk/verPuerto.asp?id=510,"(37.632054,-3.77461)",,"[-3.77461,37.632054]"
21,Sierra De Bernia,Alicante,CV - 755,687,626,5.0,12.0,293,https://www.altimetrias.net/aspbk/verPuerto.asp?id=262,"(38.657063,-0.052099)",,"[-0.052099,38.657063]"
24,Ibañeta-Ortzanzurieta,Navarra,Arnegi,1560,1315,24.0,5.0,280,https://www.altimetrias.net/aspbk/verPuerto.asp?id=389,"(43.022951,-1.276953)",,"[-1.276953,43.022951]"
27,Rasos De Peguera,Barcelona,Berga,1892,1221,16.0,7.0,274,https://www.altimetrias.net/aspbk/verPuerto.asp?id=155,"(42.141606,1.764512)",,"[1.764512,42.141606]"
28,San Lorenzo,Asturias,La Riera,1346,855,9.0,8.0,271,https://www.altimetrias.net/aspbk/verPuerto.asp?id=540,"(43.141119,-6.195114)",,"[-6.195114,43.141119]"
30,Lagos De Covadonga,Asturias,AS-114,1124,962,13.0,6.0,268,https://www.altimetrias.net/aspbk/verPuerto.asp?id=335,"(43.272019,-4.983759)",,"[-4.983759,43.272019]"
32,Peña Aguda-Llano De Las Ovejas,León,Nogar,1946,1138,18.0,6.0,261,https://www.altimetrias.net/aspbk/verPuerto.asp?id=278,"(42.36657,-6.460883)",,"[-6.460883,42.36657]"
33,Morrón De Espuña-Collado Bermejo,Murcia,Totana,1568,1330,26.0,5.0,260,https://www.altimetrias.net/aspbk/verPuerto.asp?id=267,"(37.862566,-1.574664)",,"[-1.574664,37.862566]"
34,Picón Del Fraile,Burgos,San Roque de Riomiera,1614,1420,27.0,5.0,260,https://www.altimetrias.net/aspbk/verPuerto.asp?id=511,"(43.179807,-3.64866)",,"[-3.64866,43.179807]"
37,El Yelmo,Jaén,Cortijos Nuevos,1801,1056,15.0,6.0,255,https://www.altimetrias.net/aspbk/verPuerto.asp?id=751,"(38.254265,-2.658386)",,"[-2.658386,38.254265]"
38,Moncalvillo,La Rioja,Medrano y Daroca,1491,969,14.0,6.0,252,https://www.altimetrias.net/aspbk/verPuerto.asp?id=462,"(42.32851,-2.613269)",,"[-2.613269,42.32851]"
41,Lagunas De Neila,Burgos,Villavelayo,1872,939,19.0,4.0,246,https://www.altimetrias.net/aspbk/verPuerto.asp?id=487,"(42.046106,-3.044944)",,"[-3.044944,42.046106]"
42,La Farrapona,Asturias,Somiedo,1708,1090,18.0,5.0,243,https://www.altimetrias.net/aspbk/verPuerto.asp?id=655,"(43.057239,-6.090465)",,"[-6.090465,43.057239]"
43,Pico Del Buitre,Teruel,Arcos de las Salinas,1956,900,11.0,7.0,241,https://www.altimetrias.net/aspbk/verPuerto.asp?id=687,"(40.042703,-1.015722)",,"[-1.015722,40.042703]"
44,La Covatilla,Salamanca,Béjar,1963,1123,20.0,5.0,240,https://www.altimetrias.net/aspbk/verPuerto.asp?id=337,"(40.358982,-5.688694)",,"[-5.688694,40.358982]"
46,Azurki,Gipuzkoa,Zestoa,672,627,14.0,4.0,235,https://www.altimetrias.net/aspbk/verPuerto.asp?id=242,"(43.208894,-2.321506)",,"[-2.321506,43.208894]"
47,El Boyar - Las Palomas,Cádiz,El Bosque,1189,917,19.0,4.0,233,https://www.altimetrias.net/aspbk/verPuerto.asp?id=431,"(36.787546,-5.376661)",,"[-5.376661,36.787546]"
49,Collfred,Girona,Sant Privat d´en Bas,1327,834,13.0,6.0,232,https://www.altimetrias.net/aspbk/verPuerto.asp?id=683,"(42.155474,2.340614)",,"[2.340614,42.155474]"
50,San Glorio,Cantabria,Potes,1602,1304,26.0,4.0,232,https://www.altimetrias.net/aspbk/verPuerto.asp?id=168,"(43.066953,-4.766436)",,"[-4.766436,43.066953]"
51,La Cubilla,Asturias,Campomanes,1688,1309,27.0,4.0,231,https://www.altimetrias.net/aspbk/verPuerto.asp?id=338,"(42.990334,-5.905838)",,"[-5.905838,42.990334]"
52,Mondúver,Valencia,Gandía,830,768,14.0,5.0,230,https://www.altimetrias.net/aspbk/verPuerto.asp?id=750,"(39.009361,-0.266785)",,"[-0.266785,39.009361]"
53,Collao Espina,Cantabria,Bustablado,917,688,8.0,7.0,227,https://www.altimetrias.net/aspbk/verPuerto.asp?id=663,"(43.25492,-3.666614)",,"[-3.666614,43.25492]"
54,Picón Blanco,Burgos,Espinosa de los Monteros,1519,770,8.0,9.0,226,https://www.altimetrias.net/aspbk/verPuerto.asp?id=159,"(43.13108,-3.545852)",,"[-3.545852,43.13108]"
55,Trevélez,Granada,Órgiva,1535,1213,35.0,3.0,223,https://www.altimetrias.net/aspbk/verPuerto.asp?id=532,"(36.999715,-3.265171)",,"[-3.265171,36.999715]"
56,Mas De La Costa,Castellón,Lucena del Cid,989,501,3.0,12.0,223,https://www.altimetrias.net/aspbk/verPuerto.asp?id=379,"(40.172825,-0.303257)",,"[-0.303257,40.172825]"
58,Lunada,Cantabria,Liérganes,1320,1240,32.0,3.0,220,https://www.altimetrias.net/aspbk/verPuerto.asp?id=180,"(43.171236,-3.655701)",,"[-3.655701,43.171236]"
60,Maravio,Asturias,San Pedro,1050,910,19.0,4.0,217,https://www.altimetrias.net/aspbk/verPuerto.asp?id=670,"(43.215488,-6.133714)",,"[-6.133714,43.215488]"
62,El Escudo,Cantabria,Entrambasmestas,1011,811,15.0,5.0,215,https://www.altimetrias.net/aspbk/verPuerto.asp?id=386,"(43.042306,-3.878438)",,"[-3.878438,43.042306]"
63,Torcal De Antequera,Málaga,Villanueva de la Concepción,1231,802,10.0,7.0,214,https://www.altimetrias.net/aspbk/verPuerto.asp?id=325,"(36.95316,-4.544396)",,"[-4.544396,36.95316]"
65,Cruz De La Demanda,La Rioja,Posadas,1854,898,15.0,5.0,214,https://www.altimetrias.net/aspbk/verPuerto.asp?id=231,"(42.2159,-3.101621)",,"[-3.101621,42.2159]"
66,Portell Tell - Port Del Compte,Lleida,Solsona,1699,1018,28.0,3.0,214,https://www.altimetrias.net/aspbk/verPuerto.asp?id=461,"(42.172137,1.568232)",,"[1.568232,42.172137]"
68,Collada Llomena,Asturias,Puente Vidosa,998,705,7.0,9.0,212,https://www.altimetrias.net/aspbk/verPuerto.asp?id=698,"(43.201423,-5.137994)",,"[-5.137994,43.201423]"
69,Pajares,Asturias,Campomanes,1481,1091,23.0,4.0,210,https://www.altimetrias.net/aspbk/verPuerto.asp?id=330,"(42.992779,-5.759725)",,"[-5.759725,42.992779]"
71,San Rafael-Valdelinares,Teruel,Mora de Rubielos,1973,943,27.0,3.0,209,https://www.altimetrias.net/aspbk/verPuerto.asp?id=415,"(40.3797,-0.633276)",,"[-0.633276,40.3797]"
73,La Estrangulada,Cantabria,Llerana-Coterillo,681,485,5.0,8.0,206,https://www.altimetrias.net/aspbk/verPuerto.asp?id=437,"(43.270216,-3.763075)",,"[-3.763075,43.270216]"
75,Samiño,Gipuzkoa,Azkoitia,792,671,7.0,9.0,201,https://www.altimetrias.net/aspbk/verPuerto.asp?id=672,"(43.140069,-2.304411)",,"[-2.304411,43.140069]"
76,El Peñón,Zamora,Doney de la Requejada,1840,791,10.0,7.0,200,https://www.altimetrias.net/aspbk/verPuerto.asp?id=339,"(42.206034,-6.551692)",,"[-6.551692,42.206034]"
78,Cruz De Linares,Asturias,Proaza,845,637,7.0,8.0,196,https://www.altimetrias.net/aspbk/verPuerto.asp?id=518,"(43.269831,-6.031666)",,"[-6.031666,43.269831]"
81,Allanadas Del Santo,Jaén,La Guardia de Jaén,998,525,5.0,9.0,189,https://www.altimetrias.net/aspbk/verPuerto.asp?id=765,"(37.73949,-3.720524)",,"[-3.720524,37.73949]"
82,Peña Cabarga,Cantabria,Heras,566,554,5.0,9.0,185,https://www.altimetrias.net/aspbk/verPuerto.asp?id=167,"(43.379641,-3.779211)",,"[-3.779211,43.379641]"
83,La Creueta,Barcelona,la Pobla de Lillet,1923,1079,21.0,5.0,184,https://www.altimetrias.net/aspbk/verPuerto.asp?id=541,"(42.301373,1.99353)",,"[1.99353,42.301373]"
84,La Cobertoria,Asturias,Santa Marina,1173,690,8.0,8.0,183,https://www.altimetrias.net/aspbk/verPuerto.asp?id=538,"(43.143395,-5.90601)",,"[-5.90601,43.143395]"
85,Peñas Del Viento,Asturias,Argatón,723,626,6.0,9.0,183,https://www.altimetrias.net/aspbk/verPuerto.asp?id=680,"(43.511324,-6.262238)",,"[-6.262238,43.511324]"
86,El León,Málaga,Olías,940,921,20.0,4.0,182,https://www.altimetrias.net/aspbk/verPuerto.asp?id=340,"(36.811479,-4.369372)",,"[-4.369372,36.811479]"
87,Piedrasluengas,Cantabria,Puentenansa,1354,1193,37.0,3.0,181,https://www.altimetrias.net/aspbk/verPuerto.asp?id=177,"(43.041271,-4.458046)",,"[-4.458046,43.041271]"
89,Lagunas De Neila,Burgos,Quintanar (carretera vieja),1873,788,13.0,5.0,179,https://www.altimetrias.net/aspbk/verPuerto.asp?id=755,"(42.046088,-3.044918)",,"[-3.044918,42.046088]"
90,Somiedo,Asturias,La Riera,1503,996,19.0,5.0,178,https://www.altimetrias.net/aspbk/verPuerto.asp?id=351,"(43.028284,-6.227761)",,"[-6.227761,43.028284]"
91,Serra Gelada,Alicante,Alfaz del Pí,432,393,3.0,10.0,176,https://www.altimetrias.net/aspbk/verPuerto.asp?id=644,"(38.554005,-0.062871)",,"[-0.062871,38.554005]"
94,San Cristóbal,Teruel,Pitarque,1477,612,8.0,6.0,174,https://www.altimetrias.net/aspbk/verPuerto.asp?id=709,"(40.65118,-0.61768)",,"[-0.61768,40.65118]"
96,Iroite,A Coruña,Pomardorio,670,624,10.0,6.0,173,https://www.altimetrias.net/aspbk/verPuerto.asp?id=401,"(42.722223,-8.920825)",,"[-8.920825,42.722223]"
97,Desierto Las Palmas-Monte Bartolo,Castellón,Benicassim,726,704,10.0,6.0,173,https://www.altimetrias.net/aspbk/verPuerto.asp?id=402,"(40.086116,0.030427)",,"[0.030427,40.086116]"
99,Xorret De Catí,Alicante,Castalla,1097,437,3.0,11.0,170,https://www.altimetrias.net/aspbk/verPuerto.asp?id=258,"(38.534151,-0.668106)",,"[-0.668106,38.534151]"
100,Honduras,Cáceres,Valle del Jerte,1430,873,16.0,5.0,170,https://www.altimetrias.net/aspbk/verPuerto.asp?id=453,"(40.221866,-5.871817)",,"[-5.871817,40.221866]"
101,Bracons,Girona,Can Trona,1132,655,8.0,7.0,169,https://www.altimetrias.net/aspbk/verPuerto.asp?id=677,"(42.108312,2.376422)",,"[2.376422,42.108312]"
108,La Mina,Málaga,MA-159,795,562,7.0,7.0,167,https://www.altimetrias.net/aspbk/verPuerto.asp?id=502,"(36.893418,-4.312503)",,"[-4.312503,36.893418]"
109,Santopitar,Málaga,Comares,852,699,14.0,4.0,166,https://www.altimetrias.net/aspbk/verPuerto.asp?id=378,"(36.804271,-4.282672)",,"[-4.282672,36.804271]"
112,Vidré-Vistabella,Castellón,Atzeneta del Maestrat,1246,844,24.0,3.0,164,https://www.altimetrias.net/aspbk/verPuerto.asp?id=529,"(40.293504,-0.292211)",,"[-0.292211,40.293504]"
114,Mijares,Ávila,Gavilanes,1570,1081,22.0,4.0,162,https://www.altimetrias.net/aspbk/verPuerto.asp?id=523,"(40.33117,-4.814329)",,"[-4.814329,40.33117]"
115,Piedra De San Martín,Navarra,Isaba (Belagua),1767,772,14.0,5.0,161,https://www.altimetrias.net/aspbk/verPuerto.asp?id=476,"(42.971497,-0.760331)",,"[-0.760331,42.971497]"
116,Navapelegrín,Segovia,Pradera de Navalhorno,1713,521,6.0,8.0,161,https://www.altimetrias.net/aspbk/verPuerto.asp?id=675,"(40.870979,-3.98)",,"[-3.98,40.870979]"
119,Las Palomas,Cádiz,Grazalema,1189,821,14.0,5.0,158,https://www.altimetrias.net/aspbk/verPuerto.asp?id=466,"(36.787546,-5.376861)",,"[-5.376861,36.787546]"
121,Urkiola,Bizkaia,Mañaria,752,548,6.0,9.0,157,https://www.altimetrias.net/aspbk/verPuerto.asp?id=221,"(43.099505,-2.64259)",,"[-2.64259,43.099505]"
122,Peñalba De Santiago,León,Ponferrada,1098,565,18.0,3.0,156,https://www.altimetrias.net/aspbk/verPuerto.asp?id=104,"(42.427488,-6.540843)",,"[-6.540843,42.427488]"
124,Mirador De La Cabra Montés,Granada,Jete,1002,893,17.0,5.0,154,https://www.altimetrias.net/aspbk/verPuerto.asp?id=384,"(36.837521,-3.718385)",,"[-3.718385,36.837521]"
125,Erlaitz-Castillo Del Inglés,Gipuzkoa,Irun,501,473,7.0,6.0,154,https://www.altimetrias.net/aspbk/verPuerto.asp?id=204,"(43.295333,-1.786573)",,"[-1.786573,43.295333]"
127,Portillo De Las Batuecas,Salamanca,Las Mestas,1252,810,14.0,5.0,153,https://www.altimetrias.net/aspbk/verPuerto.asp?id=505,"(40.472484,-6.11973)",,"[-6.11973,40.472484]"
129,Portalet,Huesca,Biescas,1794,942,27.0,3.0,152,https://www.altimetrias.net/aspbk/verPuerto.asp?id=498,"(42.806399,-0.418518)",,"[-0.418518,42.806399]"
130,Collformic,Barcelona,Montseny,1145,815,15.0,5.0,152,https://www.altimetrias.net/aspbk/verPuerto.asp?id=429,"(41.80102,2.347442)",,"[2.347442,41.80102]"
131,El Cordal,Asturias,Pola de Lena,788,496,5.0,9.0,151,https://www.altimetrias.net/aspbk/verPuerto.asp?id=312,"(43.198614,-5.851293)",,"[-5.851293,43.198614]"
132,Los Tornos,Cantabria,Ramales de la Victoria,918,844,18.0,4.0,151,https://www.altimetrias.net/aspbk/verPuerto.asp?id=194,"(43.134323,-3.455179)",,"[-3.455179,43.134323]"
135,El Fito,Asturias,Loroñe,578,563,7.0,7.0,150,https://www.altimetrias.net/aspbk/verPuerto.asp?id=334,"(43.439062,-5.193586)",,"[-5.193586,43.439062]"
137,Palombera,Cantabria,Fresneda,1257,936,21.0,4.0,148,https://www.altimetrias.net/aspbk/verPuerto.asp?id=187,"(43.063599,-4.23244)",,"[-4.23244,43.063599]"
139,La Centenera,Ávila,Arenas de San Pedro,1350,850,16.0,5.0,147,https://www.altimetrias.net/aspbk/verPuerto.asp?id=656,"(40.287913,-5.061191)",,"[-5.061191,40.287913]"
140,La Alfaguara,Granada,Chaparral,1438,772,16.0,4.0,147,https://www.altimetrias.net/aspbk/verPuerto.asp?id=420,"(37.260012,-3.53001)",,"[-3.53001,37.260012]"
143,Orduña,Bizkaia,Orduña,902,606,8.0,7.0,145,https://www.altimetrias.net/aspbk/verPuerto.asp?id=198,"(42.948617,-3.030864)",,"[-3.030864,42.948617]"
145,Colladiella,Asturias,Sotrondio,857,597,9.0,6.0,144,https://www.altimetrias.net/aspbk/verPuerto.asp?id=443,"(43.225552,-5.647987)",,"[-5.647987,43.225552]"
147,Boí-Taüll,Lleida,Boí y Taüll,2031,780,14.0,5.0,142,https://www.altimetrias.net/aspbk/verPuerto.asp?id=272,"(42.478452,0.869609)",,"[0.869609,42.478452]"
148,Morcuera,Madrid,Miraflores de la Sierra,1774,677,9.0,6.0,141,https://www.altimetrias.net/aspbk/verPuerto.asp?id=284,"(40.828034,-3.830895)",,"[-3.830895,40.828034]"
149,Mirador De Ézaro,A Coruña,Ézaro,270,263,1.0,14.0,141,https://www.altimetrias.net/aspbk/verPuerto.asp?id=685,"(42.917507,-9.115352)",,"[-9.115352,42.917507]"
150,Bagordi-Arrateketa,Navarra,Elizondo,681,478,5.0,0.0,140,https://www.altimetrias.net/aspbk/verPuerto.asp?id=499,"(43.178648,-1.545578)",,"[-1.545578,43.178648]"
151,Gaucín,Málaga,Río Genal,645,556,7.0,7.0,140,https://www.altimetrias.net/aspbk/verPuerto.asp?id=481,"(36.519259,-5.321553)",,"[-5.321553,36.519259]"
152,Artesiaga,Navarra,Irurita,984,780,15.0,5.0,139,https://www.altimetrias.net/aspbk/verPuerto.asp?id=350,"(43.050272,-1.539295)",,"[-1.539295,43.050272]"
153,Valle De Lago,Asturias,Pola de Somiedo,1206,499,8.0,6.0,137,https://www.altimetrias.net/aspbk/verPuerto.asp?id=381,"(43.06801,-6.186529)",,"[-6.186529,43.06801]"
157,Navacerrada,Segovia,La Granja de San Ildefonso,1856,669,13.0,4.0,136,https://www.altimetrias.net/aspbk/verPuerto.asp?id=331,"(40.788707,-4.003365)",,"[-4.003365,40.788707]"
158,Estacas De Trueba,Cantabria,Vega de Pas,1150,800,14.0,5.0,135,https://www.altimetrias.net/aspbk/verPuerto.asp?id=196,"(43.117754,-3.704073)",,"[-3.704073,43.117754]"
162,Virgen Del Valle,León,Llama de Cabrera,1035,485,5.0,8.0,132,https://www.altimetrias.net/aspbk/verPuerto.asp?id=650,"(42.396628,-6.622918)",,"[-6.622918,42.396628]"
163,Larrau,Navarra,Otxagabia,1579,688,10.0,6.0,132,https://www.altimetrias.net/aspbk/verPuerto.asp?id=304,"(42.974009,-0.999112)",,"[-0.999112,42.974009]"
165,Nogal Del Barranco,Ávila,Arenas de San Pedro,1100,600,8.0,6.0,131,https://www.altimetrias.net/aspbk/verPuerto.asp?id=673,"(40.234181,-5.161976)",,"[-5.161976,40.234181]"
166,Paso De Los Lobos-Peña De Francia,Salamanca,Río Francia,1710,725,13.0,5.0,130,https://www.altimetrias.net/aspbk/verPuerto.asp?id=483,"(40.513124,-6.169131)",,"[-6.169131,40.513124]"
169,Valdezcaray-Collado De Las Tres Cruces,La Rioja,Ezcaray,1570,713,14.0,5.0,129,https://www.altimetrias.net/aspbk/verPuerto.asp?id=439,"(42.255935,-2.975278)",,"[-2.975278,42.255935]"
171,El Espino,Málaga,Algatocín,867,632,9.0,6.0,128,https://www.altimetrias.net/aspbk/verPuerto.asp?id=444,"(36.558085,-5.289385)",,"[-5.289385,36.558085]"
172,El Vivero - Ganguren,Bizkaia,Zamudio-San Antolín,469,439,6.0,6.0,128,https://www.altimetrias.net/aspbk/verPuerto.asp?id=757,"(43.260255,-2.864728)",,"[-2.864728,43.260255]"
173,Herrera,Álava,sur (Leza),1101,469,5.0,8.0,128,https://www.altimetrias.net/aspbk/verPuerto.asp?id=201,"(42.59594,-2.682008)",,"[-2.682008,42.59594]"
176,Las Viniegras,La Rioja,Viniegra de Abajo,1583,727,19.0,3.0,125,https://www.altimetrias.net/aspbk/verPuerto.asp?id=100,"(42.096344,-2.790227)",,"[-2.790227,42.096344]"
178,Elosua - Gorla,Gipuzkoa,Bergara,681,541,7.0,7.0,124,https://www.altimetrias.net/aspbk/verPuerto.asp?id=336,"(43.128041,-2.377336)",,"[-2.377336,43.128041]"
179,Serveto,Huesca,A-2609 - Sin,1320,430,5.0,8.0,124,https://www.altimetrias.net/aspbk/verPuerto.asp?id=646,"(42.581978,0.295293)",,"[0.295293,42.581978]"
185,Almáchar,Málaga,Almáchar,601,409,4.0,8.0,121,https://www.altimetrias.net/aspbk/verPuerto.asp?id=426,"(36.788009,-4.249228)",,"[-4.249228,36.788009]"
186,La Rasa,La Rioja,Valle del Iregua,1390,602,9.0,6.0,120,https://www.altimetrias.net/aspbk/verPuerto.asp?id=143,"(42.237033,-2.568498)",,"[-2.568498,42.237033]"
190,Tarrascón De Peñacerrada,Teruel,Fortanete,1814,471,6.0,7.0,119,https://www.altimetrias.net/aspbk/verPuerto.asp?id=702,"(40.467046,-0.558378)",,"[-0.558378,40.467046]"
193,Serrablo,Huesca,Boltaña,1289,698,13.0,5.0,117,https://www.altimetrias.net/aspbk/verPuerto.asp?id=652,"(42.401952,-0.029833)",,"[-0.029833,42.401952]"
195,Somport,Huesca,Villanúa,1633,692,16.0,4.0,116,https://www.altimetrias.net/aspbk/verPuerto.asp?id=250,"(42.795253,-0.528424)",,"[-0.528424,42.795253]"
197,Endoia,Gipuzkoa,Zestoa,409,365,5.0,6.0,113,https://www.altimetrias.net/aspbk/verPuerto.asp?id=243,"(43.240341,-2.308738)",,"[-2.308738,43.240341]"
198,Boquete De Zafarraya,Málaga,Puente de Don Manuel,906,686,11.0,5.0,113,https://www.altimetrias.net/aspbk/verPuerto.asp?id=387,"(36.95246,-4.123351)",,"[-4.123351,36.95246]"
202,Bianditz,Gipuzkoa,Oiartzun,711,675,11.0,5.0,110,https://www.altimetrias.net/aspbk/verPuerto.asp?id=271,"(43.247183,-1.814911)",,"[-1.814911,43.247183]"
203,Altollano,Cantabria,Mirones,709,516,15.0,3.0,110,https://www.altimetrias.net/aspbk/verPuerto.asp?id=720,"(43.240955,-3.726256)",,"[-3.726256,43.240955]"
204,Laguna Negra,Soria,Santa Inés,1720,444,7.0,5.0,110,https://www.altimetrias.net/aspbk/verPuerto.asp?id=654,"(41.998658,-2.843304)",,"[-2.843304,41.998658]"
206,Santa Marina,La Rioja,Robres del Castillo,1253,508,10.0,4.0,109,https://www.altimetrias.net/aspbk/verPuerto.asp?id=537,"(42.246247,-2.359056)",,"[-2.359056,42.246247]"
211,Andatzarrate-Iturriotz,Gipuzkoa,Andatza-Aia,591,526,13.0,3.0,108,https://www.altimetrias.net/aspbk/verPuerto.asp?id=761,"(43.194932,-2.148427)",,"[-2.148427,43.194932]"
213,Tornavacas,Cáceres,Jerte,1278,693,14.0,4.0,108,https://www.altimetrias.net/aspbk/verPuerto.asp?id=434,"(40.272852,-5.662295)",,"[-5.662295,40.272852]"
214,Paresi,Bizkaia,Altamira,403,395,6.0,5.0,107,https://www.altimetrias.net/aspbk/verPuerto.asp?id=454,"(43.358137,-2.75259)",,"[-2.75259,43.358137]"
215,Pedro Ruiz,Cádiz,Ubrique,903,583,14.0,4.0,107,https://www.altimetrias.net/aspbk/verPuerto.asp?id=492,"(36.705097,-5.373017)",,"[-5.373017,36.705097]"
217,Navafría,Madrid,Lozoya,1778,635,11.0,5.0,106,https://www.altimetrias.net/aspbk/verPuerto.asp?id=287,"(40.986313,-3.814144)",,"[-3.814144,40.986313]"
221,Cotefablo,Huesca,Biescas,1423,553,13.0,4.0,106,https://www.altimetrias.net/aspbk/verPuerto.asp?id=458,"(42.612874,-0.201709)",,"[-0.201709,42.612874]"
222,Alto De Moclinejo,Málaga,Moclinejo,601,596,14.0,4.0,105,https://www.altimetrias.net/aspbk/verPuerto.asp?id=411,"(36.78768,-4.249098)",,"[-4.249098,36.78768]"
223,Tapla,Navarra,Otxagabia,1364,614,14.0,4.0,105,https://www.altimetrias.net/aspbk/verPuerto.asp?id=333,"(42.957176,-1.136656)",,"[-1.136656,42.957176]"
227,Ubal,Bizkaia,Kontxa-Presa,646,489,7.0,6.0,103,https://www.altimetrias.net/aspbk/verPuerto.asp?id=233,"(43.214341,-3.405933)",,"[-3.405933,43.214341]"
228,Miserat-Chillibre,Alicante,Vall d'Ebo,780,371,6.0,6.0,103,https://www.altimetrias.net/aspbk/verPuerto.asp?id=316,"(38.830364,-0.177004)",,"[-0.177004,38.830364]"
229,Cotos,Madrid,El Paular (Rascafría),1830,637,14.0,4.0,102,https://www.altimetrias.net/aspbk/verPuerto.asp?id=436,"(40.823488,-3.962524)",,"[-3.962524,40.823488]"
230,Ermita De Los Tres Juanes,Granada,Rotonda de Atarfe,858,222,1.0,13.0,102,https://www.altimetrias.net/aspbk/verPuerto.asp?id=414,"(37.236424,-3.686812)",,"[-3.686812,37.236424]"
231,Peñón De Algámitas,Sevilla,Algámitas,779,402,6.0,5.0,101,https://www.altimetrias.net/aspbk/verPuerto.asp?id=706,"(37.018713,-5.174822)",,"[-5.174822,37.018713]"
232,San Juan De La Peña,Huesca,Santa Cruz de la Serós,1212,517,12.0,4.0,101,https://www.altimetrias.net/aspbk/verPuerto.asp?id=391,"(42.50794,-0.665299)",,"[-0.665299,42.50794]"
235,Castillo Del Inglés,Gipuzkoa,Oiartzun,500,488,11.0,4.0,100,https://www.altimetrias.net/aspbk/verPuerto.asp?id=205,"(43.295333,-1.786473)",,"[-1.786473,43.295333]"
236,Segura De La Sierra,Jaén,El Batán,1218,516,8.0,5.0,100,https://www.altimetrias.net/aspbk/verPuerto.asp?id=690,"(38.29886,-2.650303)",,"[-2.650303,38.29886]"
237,O Portelo-Comeal,León,Ambasmestas,1264,654,17.0,3.0,100,https://www.altimetrias.net/aspbk/verPuerto.asp?id=544,"(42.726092,-6.990016)",,"[-6.990016,42.726092]"
238,Marjana,Valencia,Gestalgar,764,577,10.0,5.0,100,https://www.altimetrias.net/aspbk/verPuerto.asp?id=758,"(39.56952,-0.87414)",,"[-0.87414,39.56952]"
239,Conjuros,Granada,Castell de Ferro,574,565,10.0,5.0,99,https://www.altimetrias.net/aspbk/verPuerto.asp?id=475,"(36.728576,-3.415031)",,"[-3.415031,36.728576]"
242,Azpirotz,Navarra,Betelu,617,380,7.0,4.0,99,https://www.altimetrias.net/aspbk/verPuerto.asp?id=524,"(43.017962,-1.915233)",,"[-1.915233,43.017962]"
245,Panderrueda,León,Posada de Valdeón,1463,531,8.0,5.0,98,https://www.altimetrias.net/aspbk/verPuerto.asp?id=471,"(43.125001,-4.981289)",,"[-4.981289,43.125001]"
246,Navalmoral,Ávila,Burgohondo,1514,679,15.0,4.0,97,https://www.altimetrias.net/aspbk/verPuerto.asp?id=534,"(40.497353,-4.736309)",,"[-4.736309,40.497353]"
248,Gabardito,Huesca,Valle de Hecho,1388,474,6.0,6.0,97,https://www.altimetrias.net/aspbk/verPuerto.asp?id=517,"(42.787694,-0.711458)",,"[-0.711458,42.787694]"
250,Soplao. El,Cantabria,Rábago,530,444,7.0,6.0,96,https://www.altimetrias.net/aspbk/verPuerto.asp?id=645,"(43.295339,-4.411951)",,"[-4.411951,43.295339]"
251,Arantzazu,Gipuzkoa,Oñati,718,464,7.0,5.0,96,https://www.altimetrias.net/aspbk/verPuerto.asp?id=261,"(42.979146,-2.399915)",,"[-2.399915,42.979146]"
252,La Matanela,Cantabria,Vega de Pas,1005,705,17.0,4.0,96,https://www.altimetrias.net/aspbk/verPuerto.asp?id=193,"(43.065517,-3.841453)",,"[-3.841453,43.065517]"
253,Urkizu,Gipuzkoa,Tolosa,519,433,5.0,7.0,96,https://www.altimetrias.net/aspbk/verPuerto.asp?id=421,"(43.134871,-2.108154)",,"[-2.108154,43.134871]"
254,Bel,Castellón,Rossell,962,520,8.0,6.0,96,https://www.altimetrias.net/aspbk/verPuerto.asp?id=714,"(40.62289,0.166184)",,"[0.166184,40.62289]"
257,Jaizkibel,Gipuzkoa,Lezo-Pasajes,453,444,8.0,5.0,94,https://www.altimetrias.net/aspbk/verPuerto.asp?id=227,"(43.350753,-1.850635)",,"[-1.850635,43.350753]"
260,Josa,Lleida,Tuixént,1630,492,12.0,4.0,92,https://www.altimetrias.net/aspbk/verPuerto.asp?id=485,"(42.249825,1.651143)",,"[1.651143,42.249825]"
261,Carbajal,León,Quintanilla de Losada,1341,486,7.0,6.0,91,https://www.altimetrias.net/aspbk/verPuerto.asp?id=357,"(42.265065,-6.530069)",,"[-6.530069,42.265065]"
263,El Hontanar,Valencia,Los Santos,1302,542,11.0,4.0,91,https://www.altimetrias.net/aspbk/verPuerto.asp?id=430,"(40.110835,-1.371489)",,"[-1.371489,40.110835]"
264,Peña Angulo,Burgos,Añes,728,536,18.0,2.0,91,https://www.altimetrias.net/aspbk/verPuerto.asp?id=189,"(43.023157,-3.192808)",,"[-3.192808,43.023157]"
265,Presa De Cavallers,Lleida,Caldes de Boí,1764,513,8.0,6.0,91,https://www.altimetrias.net/aspbk/verPuerto.asp?id=310,"(42.583914,0.855705)",,"[0.855705,42.583914]"
266,La Aldea - Bernedo,Navarra,Elvillar - Cripán,988,588,18.0,3.0,90,https://www.altimetrias.net/aspbk/verPuerto.asp?id=396,"(42.604419,-2.469318)",,"[-2.469318,42.604419]"
267,Peña Ranero,Bizkaia,Rioseco,487,374,5.0,7.0,89,https://www.altimetrias.net/aspbk/verPuerto.asp?id=279,"(43.259901,-3.384562)",,"[-3.384562,43.259901]"
268,Sancho Leza,La Rioja,Jalón de Cameros,1410,541,15.0,3.0,89,https://www.altimetrias.net/aspbk/verPuerto.asp?id=141,"(42.130376,-2.568884)",,"[-2.568884,42.130376]"
269,Aigües Tortes,Lleida,L-500,1816,480,7.0,6.0,88,https://www.altimetrias.net/aspbk/verPuerto.asp?id=447,"(42.551714,0.912602)",,"[0.912602,42.551714]"
272,Alen,Bizkaia,Olabarrieta Behekoa,541,385,5.0,7.0,86,https://www.altimetrias.net/aspbk/verPuerto.asp?id=149,"(43.272636,-3.199098)",,"[-3.199098,43.272636]"
273,Karabieta,Gipuzkoa,Eibar,561,442,6.0,6.0,86,https://www.altimetrias.net/aspbk/verPuerto.asp?id=356,"(43.148181,-2.480622)",,"[-2.480622,43.148181]"
274,Castillo de San Julián,Murcia,Cartagena,300,283,3.0,7.0,85,https://www.altimetrias.net/aspbk/verPuerto.asp?id=628,"(37.581293,-0.965044)",,"[-0.965044,37.581293]"
275,Matamachos,Navarra,Garde,1146,462,11.0,3.0,85,https://www.altimetrias.net/aspbk/verPuerto.asp?id=665,"(42.767221,-0.863575)",,"[-0.863575,42.767221]"
276,Santa Teodosia,Álava,San Vicente de Arana,1043,248,2.0,9.0,84,https://www.altimetrias.net/aspbk/verPuerto.asp?id=192,"(42.765584,-2.358086)",,"[-2.358086,42.765584]"
278,La Braguía,Cantabria,Selaya,705,469,8.0,5.0,84,https://www.altimetrias.net/aspbk/verPuerto.asp?id=246,"(43.177213,-3.796728)",,"[-3.796728,43.177213]"
279,Salinas De Léniz,Gipuzkoa,Eskoriatza,621,330,6.0,5.0,84,https://www.altimetrias.net/aspbk/verPuerto.asp?id=174,"(42.977573,-2.571408)",,"[-2.571408,42.977573]"
281,Ixua,Gipuzkoa,Etxebarria,545,440,8.0,4.0,84,https://www.altimetrias.net/aspbk/verPuerto.asp?id=265,"(43.206894,-2.47765)",,"[-2.47765,43.206894]"
283,Monrepós,Huesca,Huesca,1265,546,12.0,4.0,82,https://www.altimetrias.net/aspbk/verPuerto.asp?id=358,"(42.350181,-0.398562)",,"[-0.398562,42.350181]"
285,La Sía,Burgos,Espinosa de los Monteros,1250,434,7.0,6.0,81,https://www.altimetrias.net/aspbk/verPuerto.asp?id=185,"(43.152413,-3.573217)",,"[-3.573217,43.152413]"
286,Etxauri,Navarra,Etxauri,841,434,6.0,6.0,81,https://www.altimetrias.net/aspbk/verPuerto.asp?id=467,"(42.786557,-1.844931)",,"[-1.844931,42.786557]"
287,La Mazorra,Burgos,Valdenoceda,1005,420,8.0,5.0,80,https://www.altimetrias.net/aspbk/verPuerto.asp?id=508,"(42.817236,-3.618901)",,"[-3.618901,42.817236]"
288,Carmona,Cantabria,Puentenansa,601,444,10.0,4.0,80,https://www.altimetrias.net/aspbk/verPuerto.asp?id=178,"(43.239741,-4.32493)",,"[-4.32493,43.239741]"
290,Elgeta,Bizkaia,Elorrio,473,289,4.0,7.0,79,https://www.altimetrias.net/aspbk/verPuerto.asp?id=314,"(43.136721,-2.488004)",,"[-2.488004,43.136721]"
295,Barazar,Bizkaia,Zeanuri,606,436,7.0,6.0,77,https://www.altimetrias.net/aspbk/verPuerto.asp?id=301,"(43.066003,-2.711864)",,"[-2.711864,43.066003]"
296,Moclín,Granada,Tiena,1038,416,7.0,5.0,76,https://www.altimetrias.net/aspbk/verPuerto.asp?id=493,"(37.340284,-3.788409)",,"[-3.788409,37.340284]"
301,Cabezabellosa,Cáceres,Villar de Plasencia,938,509,10.0,4.0,75,https://www.altimetrias.net/aspbk/verPuerto.asp?id=539,"(40.123666,-6.000087)",,"[-6.000087,40.123666]"
303,Mendizorrotz,Gipuzkoa,Orio (Txanka),392,384,7.0,4.0,74,https://www.altimetrias.net/aspbk/verPuerto.asp?id=292,"(43.29819,-2.06705)",,"[-2.06705,43.29819]"
305,Alcomba,Cantabria,Casas de Relumbrero,530,412,6.0,6.0,74,https://www.altimetrias.net/aspbk/verPuerto.asp?id=428,"(43.290336,-3.47718)",,"[-3.47718,43.290336]"
306,Sierra Salvada,Álava,Izoria,670,393,7.0,5.0,73,https://www.altimetrias.net/aspbk/verPuerto.asp?id=119,"(43.046172,-3.130202)",,"[-3.130202,43.046172]"
307,Ebo,Alicante,Pego,575,465,8.0,5.0,73,https://www.altimetrias.net/aspbk/verPuerto.asp?id=318,"(38.815904,-0.130133)",,"[-0.130133,38.815904]"
308,Cerro Malacara,Granada,Obeilar,891,272,4.0,5.0,73,https://www.altimetrias.net/aspbk/verPuerto.asp?id=640,"(37.278067,-3.844338)",,"[-3.844338,37.278067]"
309,Canencia,Madrid,Miraflores de la Sierra,1524,371,8.0,4.0,73,https://www.altimetrias.net/aspbk/verPuerto.asp?id=307,"(40.869002,-3.764019)",,"[-3.764019,40.869002]"
311,Asterrika,Bizkaia,Berriatua,240,221,2.0,9.0,73,https://www.altimetrias.net/aspbk/verPuerto.asp?id=128,"(43.326514,-2.458073)",,"[-2.458073,43.326514]"
312,Aracena,Huelva,Carboneras,735,389,11.0,3.0,72,https://www.altimetrias.net/aspbk/verPuerto.asp?id=701,"(37.889793,-6.56329)",,"[-6.56329,37.889793]"
313,Eleizalde (Rigoitia),Bizkaia,Olea,291,210,3.0,6.0,72,https://www.altimetrias.net/aspbk/verPuerto.asp?id=737,"(43.314481,-2.725487)",,"[-2.725487,43.314481]"
314,El Cabrio,Burgos,Paradores (Valle de Mena),755,393,8.0,4.0,72,https://www.altimetrias.net/aspbk/verPuerto.asp?id=191,"(43.088448,-3.44327)",,"[-3.44327,43.088448]"
315,El Tibidabo,Barcelona,Vallvidrera,505,357,5.0,6.0,72,https://www.altimetrias.net/aspbk/verPuerto.asp?id=470,"(41.421606,2.118963)",,"[2.118963,41.421606]"
316,Pazuengos,La Rioja,Santurde,1175,405,8.0,4.0,71,https://www.altimetrias.net/aspbk/verPuerto.asp?id=232,"(42.319463,-2.925067)",,"[-2.925067,42.319463]"
317,Dima,Bizkaia,Dima,595,479,11.0,4.0,70,https://www.altimetrias.net/aspbk/verPuerto.asp?id=229,"(43.077399,-2.686243)",,"[-2.686243,43.077399]"
318,Lomos De Orios,La Rioja,Villoslada de Cameros,1403,373,8.0,4.0,70,https://www.altimetrias.net/aspbk/verPuerto.asp?id=102,"(42.047301,-2.67854)",,"[-2.67854,42.047301]"
321,Piedrafita,León,Villafranca del Bierzo,1107,477,13.0,3.0,68,https://www.altimetrias.net/aspbk/verPuerto.asp?id=256,"(42.724898,-7.016898)",,"[-7.016898,42.724898]"
322,Urbasa,Navarra,Olazagutia,929,379,16.0,2.0,68,https://www.altimetrias.net/aspbk/verPuerto.asp?id=186,"(42.800918,-2.146497)",,"[-2.146497,42.800918]"
323,Santa Creu D´Olorda,Barcelona,Molins de Rei,433,397,8.0,4.0,65,https://www.altimetrias.net/aspbk/verPuerto.asp?id=435,"(41.415935,2.076291)",,"[2.076291,41.415935]"
325,La Barrerilla,Álava,Orduña,642,367,6.0,5.0,65,https://www.altimetrias.net/aspbk/verPuerto.asp?id=188,"(42.989426,-2.95434)",,"[-2.95434,42.989426]"
326,Altube,Álava,Baranbio,622,354,10.0,3.0,65,https://www.altimetrias.net/aspbk/verPuerto.asp?id=266,"(42.976799,-2.870505)",,"[-2.870505,42.976799]"
327,San Pelayo,Bizkaia,Bakio,301,294,4.0,7.0,64,https://www.altimetrias.net/aspbk/verPuerto.asp?id=571,"(43.441285,-2.768772)",,"[-2.768772,43.441285]"
328,Trabakua,Bizkaia,Markina,426,303,7.0,4.0,64,https://www.altimetrias.net/aspbk/verPuerto.asp?id=359,"(43.199629,-2.553057)",,"[-2.553057,43.199629]"
329,La Granja,Cantabria,Guriezo,378,364,6.0,5.0,64,https://www.altimetrias.net/aspbk/verPuerto.asp?id=309,"(43.3569,-3.2841)",,"[-3.2841,43.3569]"
332,Curueña,León,Ariego de Arriba,1364,297,7.0,3.0,63,https://www.altimetrias.net/aspbk/verPuerto.asp?id=220,"(42.835116,-5.98294)",,"[-5.98294,42.835116]"
336,Santa Olaja,Burgos,El Refugio (Artziniega),585,360,8.0,4.0,62,https://www.altimetrias.net/aspbk/verPuerto.asp?id=598,"(43.073429,-3.193155)",,"[-3.193155,43.073429]"
337,Tárbena,Alicante,Bolulla,587,358,7.0,5.0,62,https://www.altimetrias.net/aspbk/verPuerto.asp?id=355,"(38.698305,-0.10201)",,"[-0.10201,38.698305]"
338,Aretxabalgane,Bizkaia,Oñarte,328,276,6.0,4.0,61,https://www.altimetrias.net/aspbk/verPuerto.asp?id=137,"(43.283423,-2.757547)",,"[-2.757547,43.283423]"
339,Cabo Tiñoso,Murcia,Campillo de Adentro,367,314,4.0,6.0,61,https://www.altimetrias.net/aspbk/verPuerto.asp?id=603,"(37.551643,-1.151959)",,"[-1.151959,37.551643]"
340,Rivas De Tereso,La Rioja,S. Vicente de la Sonsierra,960,430,9.0,4.0,60,https://www.altimetrias.net/aspbk/verPuerto.asp?id=206,"(42.618001,-2.731618)",,"[-2.731618,42.618001]"
341,Sanantonzar,Gipuzkoa,Berrobi,499,221,6.0,5.0,60,https://www.altimetrias.net/aspbk/verPuerto.asp?id=733,"(43.118767,-1.967681)",,"[-1.967681,43.118767]"
342,Las Muñecas,Bizkaia,Sopuerta,371,283,4.0,6.0,59,https://www.altimetrias.net/aspbk/verPuerto.asp?id=254,"(43.30003,-3.170686)",,"[-3.170686,43.30003]"
343,Leaburu,Gipuzkoa,Tolosa,288,211,2.0,7.0,58,https://www.altimetrias.net/aspbk/verPuerto.asp?id=408,"(43.125648,-2.052495)",,"[-2.052495,43.125648]"
345,Cerro San Cristóbal,Cuenca,Cuenca,1180,268,4.0,6.0,57,https://www.altimetrias.net/aspbk/verPuerto.asp?id=277,"(40.086728,-2.12105)",,"[-2.12105,40.086728]"
347,Alkiza,Gipuzkoa,Anoeta,342,275,4.0,6.0,56,https://www.altimetrias.net/aspbk/verPuerto.asp?id=691,"(43.172783,-2.109155)",,"[-2.109155,43.172783]"
350,Izpegi,Navarra,Erratzu,671,378,8.0,4.0,55,https://www.altimetrias.net/aspbk/verPuerto.asp?id=345,"(43.175733,-1.402602)",,"[-1.402602,43.175733]"
352,El Cargadero,Soria,Navaleno,1330,235,10.0,2.0,54,https://www.altimetrias.net/aspbk/verPuerto.asp?id=103,"(41.907237,-3.025239)",,"[-3.025239,41.907237]"
353,Muniketa,Bizkaia,Arriandi/La Pilastra,380,259,3.0,7.0,52,https://www.altimetrias.net/aspbk/verPuerto.asp?id=263,"(43.222918,-2.672145)",,"[-2.672145,43.222918]"
354,Puerto Lope (Velillos),Granada,Pinos Puente,905,335,11.0,2.0,52,https://www.altimetrias.net/aspbk/verPuerto.asp?id=642,"(37.330628,-3.831275)",,"[-3.831275,37.330628]"
357,Natxitua,Bizkaia,Ea,205,200,2.0,8.0,50,https://www.altimetrias.net/aspbk/verPuerto.asp?id=561,"(43.381051,-2.613555)",,"[-2.613555,43.381051]"
358,San Pedro De Abrisketa,Bizkaia,Arrigorriaga,278,234,3.0,7.0,50,https://www.altimetrias.net/aspbk/verPuerto.asp?id=570,"(43.218477,-2.921376)",,"[-2.921376,43.218477]"
360,Hoyomenor,Cantabria,Ampuero,346,330,6.0,5.0,50,https://www.altimetrias.net/aspbk/verPuerto.asp?id=354,"(43.333803,-3.365893)",,"[-3.365893,43.333803]"
363,Correcillas,León,Matallana de Torío,1306,298,8.0,3.0,48,https://www.altimetrias.net/aspbk/verPuerto.asp?id=725,"(42.885044,-5.453597)",,"[-5.453597,42.885044]"
364,Azazeta,Álava,Egileta,887,271,4.0,6.0,48,https://www.altimetrias.net/aspbk/verPuerto.asp?id=268,"(42.789677,-2.50997)",,"[-2.50997,42.789677]"
365,Nª Sª De Oro,Álava,Bitoriano,819,215,2.0,7.0,48,https://www.altimetrias.net/aspbk/verPuerto.asp?id=281,"(42.931149,-2.827885)",,"[-2.827885,42.931149]"
367,Garate,Gipuzkoa,Getaria,245,216,2.0,7.0,47,https://www.altimetrias.net/aspbk/verPuerto.asp?id=604,"(43.290418,-2.202281)",,"[-2.202281,43.290418]"
368,Ro,Burgos,El Refugio (Artziniega),546,321,7.0,4.0,47,https://www.altimetrias.net/aspbk/verPuerto.asp?id=270,"(43.104586,-3.216848)",,"[-3.216848,43.104586]"
371,Beci,Bizkaia,El Carral (Sopuerta),336,224,3.0,5.0,43,https://www.altimetrias.net/aspbk/verPuerto.asp?id=245,"(43.234656,-3.186392)",,"[-3.186392,43.234656]"
373,Arlaban,Gipuzkoa,Arrasate/Mondragón,617,305,7.0,4.0,41,https://www.altimetrias.net/aspbk/verPuerto.asp?id=328,"(42.975647,-2.572423)",,"[-2.572423,42.975647]"
375,Zaldiaran,Burgos,Treviño,806,282,8.0,3.0,40,https://www.altimetrias.net/aspbk/verPuerto.asp?id=602,"(42.7909,-2.7282)",,"[-2.7282,42.7909]"
376,La Horca,Burgos,San Pantaleón de Losa,896,271,5.0,5.0,40,https://www.altimetrias.net/aspbk/verPuerto.asp?id=595,"(42.923969,-3.245387)",,"[-3.245387,42.923969]"
377,La Escrita,Bizkaia,El Callejo (Karrantza),433,285,6.0,4.0,39,https://www.altimetrias.net/aspbk/verPuerto.asp?id=127,"(43.237512,-3.293495)",,"[-3.293495,43.237512]"
378,Uitzi,Navarra,Lekunberri,810,228,5.0,4.0,39,https://www.altimetrias.net/aspbk/verPuerto.asp?id=214,"(43.049812,-1.914637)",,"[-1.914637,43.049812]"
379,Kanpazar,Bizkaia,Elorrio,451,251,5.0,4.0,39,https://www.altimetrias.net/aspbk/verPuerto.asp?id=327,"(43.096674,-2.505612)",,"[-2.505612,43.096674]"
380,Sant Pere,Castellón,Mare de Deu de la Font,1272,244,4.0,5.0,38,https://www.altimetrias.net/aspbk/verPuerto.asp?id=629,"(40.495036,-0.178013)",,"[-0.178013,40.495036]"
381,Seña,Cantabria,Limpias,257,250,5.0,4.0,38,https://www.altimetrias.net/aspbk/verPuerto.asp?id=130,"(43.383769,-3.408912)",,"[-3.408912,43.383769]"
382,Gontzegaraigane,Bizkaia,Iruzubieta,361,238,5.0,4.0,38,https://www.altimetrias.net/aspbk/verPuerto.asp?id=474,"(43.252314,-2.57221)",,"[-2.57221,43.252314]"
385,Rigoitia,Bizkaia,Gernika,269,262,6.0,4.0,37,https://www.altimetrias.net/aspbk/verPuerto.asp?id=158,"(43.313719,-2.721348)",,"[-2.721348,43.313719]"
386,Udana,Gipuzkoa,Oñati,509,264,6.0,3.0,36,https://www.altimetrias.net/aspbk/verPuerto.asp?id=548,"(43.015969,-2.357867)",,"[-2.357867,43.015969]"
387,Humaran,Bizkaia,Arenao,252,201,7.0,2.0,36,https://www.altimetrias.net/aspbk/verPuerto.asp?id=225,"(43.234307,-3.095634)",,"[-3.095634,43.234307]"
388,Vallençana,Barcelona,Badalona,256,241,5.0,4.0,36,https://www.altimetrias.net/aspbk/verPuerto.asp?id=631,"(41.47965,2.22382)",,"[2.22382,41.47965]"
390,El Cerro De San Pedro,Madrid,Guadalix de la Sierra,1051,214,10.0,2.0,35,https://www.altimetrias.net/aspbk/verPuerto.asp?id=626,"(40.718659,-3.751298)",,"[-3.751298,40.718659]"
391,Loiti,Navarra,Liédena,725,220,5.0,4.0,35,https://www.altimetrias.net/aspbk/verPuerto.asp?id=366,"(42.656539,-1.400206)",,"[-1.400206,42.656539]"
392,Pedroso,A Coruña,Santiago de Compostela,460,229,5.0,4.0,35,https://www.altimetrias.net/aspbk/verPuerto.asp?id=614,"(42.898158,-8.564895)",,"[-8.564895,42.898158]"
393,Artieta,Burgos,El Refugio (Artziniega),475,250,5.0,4.0,35,https://www.altimetrias.net/aspbk/verPuerto.asp?id=106,"(43.115614,-3.188159)",,"[-3.188159,43.115614]"
394,Basakabi/Alto De Ezkurra,Navarra,Leitza,694,228,4.0,5.0,35,https://www.altimetrias.net/aspbk/verPuerto.asp?id=460,"(43.085695,-1.880595)",,"[-1.880595,43.085695]"
395,La Pedraja,Burgos,Vilafranca de Montes de Oca,1150,225,5.0,4.0,35,https://www.altimetrias.net/aspbk/verPuerto.asp?id=597,"(42.36533,-3.353748)",,"[-3.353748,42.36533]"
396,Aniz,Navarra,Oronoz-Mugaire,388,423,7.0,3.0,34,https://www.altimetrias.net/aspbk/verPuerto.asp?id=217,"(43.112442,-1.577521)",,"[-1.577521,43.112442]"
397,Gabiria,Gipuzkoa,Ormaiztegi,423,221,5.0,4.0,33,https://www.altimetrias.net/aspbk/verPuerto.asp?id=659,"(43.050537,-2.279609)",,"[-2.279609,43.050537]"
398,Navasa,Huesca,Jaca,1068,223,5.0,4.0,32,https://www.altimetrias.net/aspbk/verPuerto.asp?id=634,"(42.520709,-0.481088)",,"[-0.481088,42.520709]"
400,El Carel,Burgos,Nava de Ordunte,450,220,6.0,3.0,29,https://www.altimetrias.net/aspbk/verPuerto.asp?id=122,"(43.121786,-3.305697)",,"[-3.305697,43.121786]"
406,Pico Almadén,Jaén,Mancha Real,2038,1455,28.0,5.1,358,https://www.altimetrias.net/aspbk/verPerfilusu.asp?id=1134,"(37.7339022,-3.5262832)",,"[-3.5262832,37.7339022]"
407,Fonte Da Cova,Ourense,Pizarras Ipisa,1847,1487,23.0,6.5,345,https://www.altimetrias.net/aspbk/verPerfilusu.asp?id=1372,"(42.3197648,-6.7376396)",,"[-6.7376396,42.3197648]"
411,Ermita De Alba,Asturias,Bárzana,1196,762,6.7,11.0,294,https://www.altimetrias.net/aspbk/verPerfilusu.asp?id=1696,"(43.18370225,-5.961613721094518)",,"[-5.961613721094518,43.18370225]"
414,Belaustegi,Bizkaia,Ibarra (Orozko),751,513,4.8,10.0,275,https://www.altimetrias.net/aspbk/verPerfilusu.asp?id=0953,"(43.1985589,-2.697365)",,"[-2.697365,43.1985589]"
416,Casielles,Asturias,Río Pendón. Fuensanta (N-634),727,512,3.7,13.0,273,https://www.altimetrias.net/aspbk/verPerfilusu.asp?id=0641,"(43.285982,-5.673665)",,"[-5.673665,43.285982]"
418,Cruz De Barreiros,Lugo,Vileimil (río Eo),879,765,11.0,6.4,268,https://www.altimetrias.net/aspbk/verPerfilusu.asp?id=1003,"(43.5410158,-7.2556173)",,"[-7.2556173,43.5410158]"
426,Encinas Borrachas,Málaga,San Pablo de Buceite (Sur),1026,976,42.0,2.3,231,https://www.altimetrias.net/aspbk/verPerfilusu.asp?id=0415,"(36.6752283,-5.2145903)",,"[-5.2145903,36.6752283]"
429,Font De L´Arbre,Alicante,Beniardà,1198,805,15.0,5.2,226,https://www.altimetrias.net/aspbk/verPerfilusu.asp?id=1396,"(38.6621795,-0.2903534)",,"[-0.2903534,38.6621795]"
430,Ventana,Asturias,San Martín de Teverga,1587,1137,19.0,5.7,224,https://www.altimetrias.net/aspbk/verPerfilusu.asp?id=1809,"(43.1006433,-6.0431223)",,"[-6.0431223,43.1006433]"
435,Fredes,Castellón,Pobla de Benifassà,1181,770,21.0,3.6,220,https://www.altimetrias.net/aspbk/verPerfilusu.asp?id=2013,"(40.7053962,0.1709828)",,"[0.1709828,40.7053962]"
438,Cuitu Negru,León,Busdongo,1845,641,11.0,5.7,219,https://www.altimetrias.net/aspbk/verPerfilusu.asp?id=1447,"(42.9791301,-5.7728311029872135)",,"[-5.7728311029872135,42.9791301]"
439,A Torre De San Bartolomeu,A Coruña,Central del Parrote,422,378,2.8,13.0,219,https://www.altimetrias.net/aspbk/verPerfilusu.asp?id=1012,"(43.3958771,-8.0336318)",,"[-8.0336318,43.3958771]"
440,Polopos,Granada,Castillo de Baños,1140,1017,14.0,7.0,218,https://www.altimetrias.net/aspbk/verPerfilusu.asp?id=0042,"(36.7950131,-3.2972924)",,"[-3.2972924,36.7950131]"
442,Usurbe,Gipuzkoa,Beasain,715,553,5.1,10.0,210,https://www.altimetrias.net/aspbk/verPerfilusu.asp?id=0468,"(43.0657285,-2.2038553)",,"[-2.2038553,43.0657285]"
448,Cruz De Meira,Lugo,O Chao de Pousadoiro-Meiroi,821,598,6.5,9.1,196,https://www.altimetrias.net/aspbk/verPerfilusu.asp?id=0873,"(43.3867032,-7.3018756)",,"[-7.3018756,43.3867032]"
449,Arrate,Gipuzkoa,Eibar (Matsaria),581,461,5.5,8.3,196,https://www.altimetrias.net/aspbk/verPerfilusu.asp?id=1282,"(43.2045878,-2.4459506)",,"[-2.4459506,43.2045878]"
450,Coll De Santa Helena,Barcelona,Mosqueroles,1233,1073,20.0,5.2,195,https://www.altimetrias.net/aspbk/verPerfilusu.asp?id=1054,"(41.7556745,2.4643858)",,"[2.4643858,41.7556745]"
451,Cáñar,Granada,río Guadalfeo,1165,856,12.0,6.9,194,https://www.altimetrias.net/aspbk/verPerfilusu.asp?id=1062,"(36.9264996,-3.4276847)",,"[-3.4276847,36.9264996]"
455,La Joya,Málaga,Arroyo del Espinazo,899,680,18.0,3.7,191,https://www.altimetrias.net/aspbk/verPerfilusu.asp?id=0502,"(36.931476,-4.6231706)",,"[-4.6231706,36.931476]"
460,Peregrí,Valencia,Moixent,1071,742,34.0,2.1,182,https://www.altimetrias.net/aspbk/verPerfilusu.asp?id=1357,"(39.194877000000005,-0.50742556751207)",,"[-0.50742556751207,39.194877000000005]"
461,Odiaga,Álava,Llodio,437,275,1.6,16.0,182,https://www.altimetrias.net/aspbk/verPerfilusu.asp?id=1037,"(43.0651363,-3.0925681)",,"[-3.0925681,43.0651363]"
463,La Colladiella,Asturias,Ciaño,847,628,13.0,4.7,180,https://www.altimetrias.net/aspbk/verPerfilusu.asp?id=0432,"(43.2083137,-5.7419916)",,"[-5.7419916,43.2083137]"
469,Ouviaña,Lugo,Os Vaos,751,468,4.6,10.0,174,https://www.altimetrias.net/aspbk/verPerfilusu.asp?id=0889,"(43.1999232,-7.1677562)",,"[-7.1677562,43.1999232]"
475,Javalambre (Pico),Teruel,Valacloche-Collado Gavilán,2019,1064,27.0,3.8,170,https://www.altimetrias.net/aspbk/verPerfilusu.asp?id=0804,"(40.1559902,-1.0061221)",,"[-1.0061221,40.1559902]"
476,Marabio,Asturias,Entrago-Prado,1052,620,11.0,5.2,169,https://www.altimetrias.net/aspbk/verPerfilusu.asp?id=1736,"(43.2171084,-6.113499)",,"[-6.113499,43.2171084]"
482,Arredondas,Asturias,El Llano,555,519,5.1,10.0,168,https://www.altimetrias.net/aspbk/verPerfilusu.asp?id=1220,"(43.3811128,-7.1249699)",,"[-7.1249699,43.3811128]"
488,Puerto Del Espino,Málaga,Gaucín,844,755,13.0,5.4,165,https://www.altimetrias.net/aspbk/verPerfilusu.asp?id=0531,"(36.5586494,-5.2887229)",,"[-5.2887229,36.5586494]"
491,Tella,Huesca,Hospital de Tella,1345,674,8.4,8.0,162,https://www.altimetrias.net/aspbk/verPerfilusu.asp?id=1789,"(42.5742879,0.183005)",,"[0.183005,42.5742879]"
500,Puerto De Tíscar,Jaén,Hinojares-Guadiana Menor,1169,676,24.0,2.7,158,https://www.altimetrias.net/aspbk/verPerfilusu.asp?id=1326,"(37.7863838,-3.0385767)",,"[-3.0385767,37.7863838]"
511,Tremuzo,A Coruña,O Freixo,515,511,6.4,8.0,152,https://www.altimetrias.net/aspbk/verPerfilusu.asp?id=0355,"(42.826315,-8.9528715)",,"[-8.9528715,42.826315]"
513,Andarraso,León,Inicio (Riello),1416,410,4.5,9.0,151,https://www.altimetrias.net/aspbk/verPerfilusu.asp?id=1225,"(42.747264,-6.0080527)",,"[-6.0080527,42.747264]"
516,Erlaitz,Gipuzkoa,Irun,545,481,7.5,6.3,148,https://www.altimetrias.net/aspbk/verPerfilusu.asp?id=0104,"(43.3054341,-1.7593074)",,"[-1.7593074,43.3054341]"
517,Landeta,Álava,Okendo,484,283,1.0,14.0,148,https://www.altimetrias.net/aspbk/verPuerto.asp?id=074,"(43.0708472,-3.0358046)",,"[-3.0358046,43.0708472]"
519,Cuarto Pelado,Teruel,Pitarque,1659,797,25.0,3.0,146,https://www.altimetrias.net/aspbk/verPerfilusu.asp?id=0805,"(40.5393357,-0.4940204)",,"[-0.4940204,40.5393357]"
522,El Caracol,Cantabria,Liérganes,822,737,23.0,3.1,146,https://www.altimetrias.net/aspbk/verPerfilusu.asp?id=0782,"(43.2197063,-3.7316975)",,"[-3.7316975,43.2197063]"
523,Collado De Jinquer,Castellón,Artesa,825,619,20.0,3.0,145,https://www.altimetrias.net/aspbk/verPerfilusu.asp?id=1052,"(39.9396531,-0.4118825)",,"[-0.4118825,39.9396531]"
525,Etumeta,Gipuzkoa,Granada erreka,515,305,2.8,10.0,144,https://www.altimetrias.net/aspbk/verPerfilusu.asp?id=1896,"(43.2461083,-2.0693127)",,"[-2.0693127,43.2461083]"
526,Santa Eufemia,Bizkaia,Aulesti,571,491,5.8,8.4,144,https://www.altimetrias.net/aspbk/verPerfilusu.asp?id=1727,"(43.31422585,-2.69967495)",,"[-2.69967495,43.31422585]"
527,El Cubillo / El Portillo,Cuenca,Tragacete,1774,524,16.0,3.1,144,https://www.altimetrias.net/aspbk/verPerfilusu.asp?id=1456,"(42.2456728,-3.4285116)",,"[-3.4285116,42.2456728]"
528,Cristo Do Fiouco,Lugo,Valiñadares,666,537,7.1,7.4,143,https://www.altimetrias.net/aspbk/verPerfilusu.asp?id=1377,"(43.3853347,-7.366918)",,"[-7.366918,43.3853347]"
533,Garbí,Valencia,Estivella,596,486,5.4,8.9,142,https://www.altimetrias.net/aspbk/verPerfilusu.asp?id=0472,"(39.698005,-0.3732879)",,"[-0.3732879,39.698005]"
534,Tudons,Alicante,Orxeta-Sella,1026,888,20.0,4.3,142,https://www.altimetrias.net/aspbk/verPerfilusu.asp?id=2059,"(38.6502609,-0.3248134)",,"[-0.3248134,38.6502609]"
535,Formigal,Huesca,Desde Biescas,1530,660,24.0,2.7,140,https://www.altimetrias.net/aspbk/verPerfilusu.asp?id=0674,"(42.7741349,-0.3608611)",,"[-0.3608611,42.7741349]"
536,Arraiz,Bizkaia,El Peñascal (Bilbao),317,273,2.6,10.0,140,https://www.altimetrias.net/aspbk/verPerfilusu.asp?id=1158,"(43.2420618,-2.9638462)",,"[-2.9638462,43.2420618]"
539,O Faro,Lugo,Requeixo,1175,606,8.2,7.3,139,https://www.altimetrias.net/aspbk/verPerfilusu.asp?id=1758,"(43.6622488,-7.5959091)",,"[-7.5959091,43.6622488]"
542,Las Quintanas,Asturias,Tudela Veguín de Allá,434,265,2.1,12.0,138,https://www.altimetrias.net/aspbk/verPerfilusu.asp?id=0437,"(43.5202308,-5.6586848)",,"[-5.6586848,43.5202308]"
545,La Teyera,Asturias,El Cadavíu,639,392,4.5,8.7,137,https://www.altimetrias.net/aspbk/verPerfilusu.asp?id=0409,"(43.2104322,-5.7277514)",,"[-5.7277514,43.2104322]"
546,Cueto Rosales,León,El Castillo,1550,490,5.6,8.6,137,https://www.altimetrias.net/aspbk/verPerfilusu.asp?id=1227,"(42.7695115,-6.0493185)",,"[-6.0493185,42.7695115]"
548,Collado Calderón,Valencia,Ademuz,1306,597,23.0,2.5,136,https://www.altimetrias.net/aspbk/verPerfilusu.asp?id=0701,"(40.016793,-1.1418569)",,"[-1.1418569,40.016793]"
551,Alto De Encajacabras,Jaén,Chilluévar,1106,634,12.0,5.1,136,https://www.altimetrias.net/aspbk/verPerfilusu.asp?id=1479,"(38.0290831,-2.9893152)",,"[-2.9893152,38.0290831]"
556,Txibiarte,Álava,Amurrio,680,457,7.4,6.1,133,https://www.altimetrias.net/aspbk/verPerfilusu.asp?id=0910,"(43.0082262,-2.9507075)",,"[-2.9507075,43.0082262]"
564,Albánchez,Jaén,Río Cuadros,1161,680,12.0,5.5,130,https://www.altimetrias.net/aspbk/verPerfilusu.asp?id=0620,"(38.4153683,-2.67673)",,"[-2.67673,38.4153683]"
570,Bestué,Huesca,Escalona,1237,635,12.0,5.2,129,https://www.altimetrias.net/aspbk/verPerfilusu.asp?id=1782,"(42.5612703,0.109528)",,"[0.109528,42.5612703]"
573,Urdaneta,Gipuzkoa,Aizarnazabal,360,353,3.9,8.9,128,https://www.altimetrias.net/aspbk/verPerfilusu.asp?id=1851,"(43.2487544,-2.1968752)",,"[-2.1968752,43.2487544]"
575,Louseiras-Montouto,Lugo,Pena do Mouriscón,787,509,10.0,4.8,128,https://www.altimetrias.net/aspbk/verPerfilusu.asp?id=2015,"(43.3573647,-7.3626925)",,"[-7.3626925,43.3573647]"
576,Serranillos,Ávila,San Esteban del Valle,1571,811,16.0,5.1,127,https://www.altimetrias.net/aspbk/verPerfilusu.asp?id=0231,"(40.3370385,-4.9110018)",,"[-4.9110018,40.3370385]"
578,Monte Do Seixo,Pontevedra,Cerdedo,967,627,10.0,6.1,127,https://www.altimetrias.net/aspbk/verPerfilusu.asp?id=0319,"(42.6915271,-8.7095301)",,"[-8.7095301,42.6915271]"
579,Iznatoraf,Jaén,A6204,1036,593,14.0,3.9,126,https://www.altimetrias.net/aspbk/verPerfilusu.asp?id=1306,"(38.1570315,-3.0327382)",,"[-3.0327382,38.1570315]"
580,Valdorria,León,Nocedo de Curueño,1365,302,2.4,12.0,126,https://www.altimetrias.net/aspbk/verPerfilusu.asp?id=0775,"(42.8898475,-5.4190164)",,"[-5.4190164,42.8898475]"
583,A Muria,Lugo,Muiñovedro - Lamas,651,462,5.8,7.8,126,https://www.altimetrias.net/aspbk/verPerfilusu.asp?id=2029,"(43.2941399,-7.313366)",,"[-7.313366,43.2941399]"
584,Piocorto,Lugo,Bravos-O Sisto,707,627,15.0,4.0,126,https://www.altimetrias.net/aspbk/verPerfilusu.asp?id=1470,"(43.5117457,-7.6901707)",,"[-7.6901707,43.5117457]"
587,Costiña De Canedo,Ourense,Cachaxúas,395,272,2.0,13.0,125,https://www.altimetrias.net/aspbk/verPerfilusu.asp?id=1757,"(42.3704185,-7.912304)",,"[-7.912304,42.3704185]"
588,Xodos,Castellón,Atzeneta,1104,709,16.0,4.2,124,https://www.altimetrias.net/aspbk/verPerfilusu.asp?id=1953,"(40.2454715,-0.2873322)",,"[-0.2873322,40.2454715]"
589,Sollube,Bizkaia,Almike/Albóniga,384,376,3.0,9.0,124,https://www.altimetrias.net/aspbk/verPuerto.asp?id=067,"(43.3709754,-2.7638012)",,"[-2.7638012,43.3709754]"
593,Chao Da Serra,Lugo,Campo de Tiro,563,383,5.2,7.2,122,https://www.altimetrias.net/aspbk/verPerfilusu.asp?id=1484,"(43.2053023,-7.182858)",,"[-7.182858,43.2053023]"
596,Eulate,Navarra,Eulate,985,257,2.5,10.0,121,https://www.altimetrias.net/aspbk/verPerfilusu.asp?id=0239,"(42.7764335,-2.2061503)",,"[-2.2061503,42.7764335]"
599,Coll De La Safor,Valencia,Villalonga,556,459,7.1,6.4,120,https://www.altimetrias.net/aspbk/verPerfilusu.asp?id=0528,"(38.9142519,-0.1282572)",,"[-0.1282572,38.9142519]"
601,Tibi,Alicante,Monnegre,723,665,22.0,2.9,119,https://www.altimetrias.net/aspbk/verPerfilusu.asp?id=1053,"(38.5308973,-0.5775432)",,"[-0.5775432,38.5308973]"
605,Peña De Francia,Salamanca,Monsagro,1723,769,16.0,4.7,118,https://www.altimetrias.net/aspbk/verPerfilusu.asp?id=0599,"(40.5123487,-6.1683775)",,"[-6.1683775,40.5123487]"
606,El Vivero,Bizkaia,Zamudio-San Antolín,415,385,6.5,5.9,118,https://www.altimetrias.net/aspbk/verPerfilusu.asp?id=0857,"(43.2576316,-2.8512466306211253)",,"[-2.8512466306211253,43.2576316]"
615,San Salvador,Gipuzkoa,Eibar,444,336,3.5,9.6,116,https://www.altimetrias.net/aspbk/verPerfilusu.asp?id=1281,"(42.8934914,-2.1737465)",,"[-2.1737465,42.8934914]"
616,Igeldo,Gipuzkoa,Igara (Donostia),253,224,1.7,12.0,116,https://www.altimetrias.net/aspbk/verPerfilusu.asp?id=1543,"(43.3089759,-2.036057)",,"[-2.036057,43.3089759]"
617,Urkiaga,Navarra,Aldude,911,528,12.0,4.4,115,https://www.altimetrias.net/aspbk/verPerfilusu.asp?id=0340,"(43.0359653,-1.4702825)",,"[-1.4702825,43.0359653]"
625,Puerto De Albánchez,Jaén,Bedmar-Jimena,1160,686,15.0,4.3,114,https://www.altimetrias.net/aspbk/verPerfilusu.asp?id=1313,"(37.7863206,-3.4831316)",,"[-3.4831316,37.7863206]"
626,Confrides,Alicante,Callosa d'Ensarriá,966,735,20.0,3.6,114,https://www.altimetrias.net/aspbk/verPerfilusu.asp?id=1963,"(38.6833155,-0.2684296)",,"[-0.2684296,38.6833155]"
630,O Porto,Lugo,Ponte do Porto,404,294,2.6,11.0,113,https://www.altimetrias.net/aspbk/verPerfilusu.asp?id=1224,"(43.6000199,-7.2974968)",,"[-7.2974968,43.6000199]"
631,Coll Del Vidre,Castellón,Benafigos,1065,665,15.0,4.2,113,https://www.altimetrias.net/aspbk/verPerfilusu.asp?id=1983,"(40.2744665,-0.239471)",,"[-0.239471,40.2744665]"
633,Plataforma Del Nogal Del Barranco,Ávila,Arenas de San Pedro,1080,575,8.3,6.9,113,https://www.altimetrias.net/aspbk/verPerfilusu.asp?id=0188,"(40.23407065000001,-5.162066880652852)",,"[-5.162066880652852,40.23407065000001]"
634,Refugio De Lizara,Huesca,Aragües del Puerto,1505,616,12.0,5.0,112,https://www.altimetrias.net/aspbk/verPerfilusu.asp?id=1164,"(42.7641022,-0.6340553725166804)",,"[-0.6340553725166804,42.7641022]"
636,Puerto De Las Palomas,Jaén,Las Juntas de Muriel,1244,723,16.0,4.4,112,https://www.altimetrias.net/aspbk/verPerfilusu.asp?id=1354,"(37.9413862,-2.939634)",,"[-2.939634,37.9413862]"
637,Pozazal,Cantabria,Bárcena Pie de Concha,1002,704,29.0,2.1,112,https://www.altimetrias.net/aspbk/verPerfilusu.asp?id=0568,"(42.9190553,-4.1217733)",,"[-4.1217733,42.9190553]"
638,Santa Ageda,Gipuzkoa,Nuarbe,700,542,8.3,6.6,112,https://www.altimetrias.net/aspbk/verPerfilusu.asp?id=0023,"(43.0633689,-2.5295471)",,"[-2.5295471,43.0633689]"
642,Fanlo,Huesca,Sarvisé,1373,515,11.0,4.6,111,https://www.altimetrias.net/aspbk/verPerfilusu.asp?id=1785,"(42.587154,-0.0213205)",,"[-0.0213205,42.587154]"
643,Benimantell,Alicante,Polop,677,445,8.3,5.3,111,https://www.altimetrias.net/aspbk/verPerfilusu.asp?id=1025,"(38.6760377,-0.2100878)",,"[-0.2100878,38.6760377]"
644,Coves De Canelobre,Alicante,El Campello,555,539,17.0,3.1,110,https://www.altimetrias.net/aspbk/verPerfilusu.asp?id=0976,"(38.4980713,-0.4193174)",,"[-0.4193174,38.4980713]"
649,Puerto De El Colmenar,Málaga,Jubrique (Sur),755,524,9.8,5.3,109,https://www.altimetrias.net/aspbk/verPerfilusu.asp?id=0605,"(36.8113666,-4.368904049999997)",,"[-4.368904049999997,36.8113666]"
651,"Parador Nacional ""El Adelantado""",Jaén,Río Guadalquivir,1340,532,12.0,4.4,108,https://www.altimetrias.net/aspbk/verPerfilusu.asp?id=1129,"(37.903256,-2.962024526048019)",,"[-2.962024526048019,37.903256]"
656,Gaintza,Gipuzkoa,Zaldibia,446,280,2.4,11.0,107,https://www.altimetrias.net/aspbk/verPerfilusu.asp?id=1542,"(43.0530503,-2.1331865)",,"[-2.1331865,43.0530503]"
657,Fuente Dé,Cantabria,Camaleño,1105,690,16.0,4.2,107,https://www.altimetrias.net/aspbk/verPerfilusu.asp?id=1193,"(43.1436636,-4.811513596360818)",,"[-4.811513596360818,43.1436636]"
659,Cortegana,Huelva,Gil Márquez,696,433,13.0,3.3,106,https://www.altimetrias.net/aspbk/verPerfilusu.asp?id=0732,"(37.9093023,-6.8196169)",,"[-6.8196169,37.9093023]"
664,Mirador Del Xap,Alicante,Benialí,629,328,3.4,9.7,105,https://www.altimetrias.net/aspbk/verPerfilusu.asp?id=1334,"(38.8175411,-0.2092126)",,"[-0.2092126,38.8175411]"
665,Pedro Bernardo,Ávila,Pedro Bernardo,1242,807,18.0,4.4,105,https://www.altimetrias.net/aspbk/verPerfilusu.asp?id=0222,"(40.2439312,-4.9108472)",,"[-4.9108472,40.2439312]"
668,Batuecas,Salamanca,Mogarraz,1243,694,15.0,4.5,104,https://www.altimetrias.net/aspbk/verPerfilusu.asp?id=0854,"(40.4550662,-6.065833424198021)",,"[-6.065833424198021,40.4550662]"
669,Nogueruelas,Teruel,Rubielos de Mora,1543,601,14.0,4.0,104,https://www.altimetrias.net/aspbk/verPerfilusu.asp?id=0716,"(40.2377581,-0.6361851)",,"[-0.6361851,40.2377581]"
670,Luintra-Nogueira De Ramuin,Ourense,C-546 A Pereira,706,524,9.8,5.3,104,https://www.altimetrias.net/aspbk/verPerfilusu.asp?id=1702,"(42.4123633,-7.7262781)",,"[-7.7262781,42.4123633]"
671,Elorrieta,Bizkaia,Gernika,372,348,4.8,7.1,104,https://www.altimetrias.net/aspbk/verPerfilusu.asp?id=1305,"(43.2827913,-2.9658373)",,"[-2.9658373,43.2827913]"
672,Costa Do Vieiro,A Coruña,A Ponte Aranga,557,291,2.8,10.0,104,https://www.altimetrias.net/aspbk/verPerfilusu.asp?id=1461,"(43.236595,-8.0043889)",,"[-8.0043889,43.236595]"
673,O Carazo-Igrexafeita,A Coruña,Castillo de Naraío,454,386,6.8,5.6,104,https://www.altimetrias.net/aspbk/verPerfilusu.asp?id=1945,"(43.4977345,-8.0399276)",,"[-8.0399276,43.4977345]"
675,Puebla De La Sierra,Madrid,Sur,1638,518,9.7,5.4,103,https://www.altimetrias.net/aspbk/verPerfilusu.asp?id=0219,"(41.0121247,-3.4444367)",,"[-3.4444367,41.0121247]"
676,Piqueras,La Rioja,Villanueva de Cameros,1710,702,19.0,3.0,103,https://www.altimetrias.net/aspbk/verPuerto.asp?id=063,"(42.4561034,-2.4299118)",,"[-2.4299118,42.4561034]"
677,Puerto De Cortegana,Huelva,Gil Márquez,713,446,16.0,2.6,103,https://www.altimetrias.net/aspbk/verPerfilusu.asp?id=1202,"(37.898871,-6.8088697)",,"[-6.8088697,37.898871]"
678,Portillo Boca Del Álamo,Jaén,río Víboras (Huertas Nuevas),939,380,4.8,7.9,103,https://www.altimetrias.net/aspbk/verPerfilusu.asp?id=1132,"(37.594032,-3.9713081)",,"[-3.9713081,37.594032]"
681,Collado De Hoz,Cantabria,La Hermida,658,552,10.0,5.2,102,https://www.altimetrias.net/aspbk/verPerfilusu.asp?id=1691,"(43.2460358,-4.5417279)",,"[-4.5417279,43.2460358]"
682,Santa Inés,Soria,Vinuesa,1755,565,10.0,5.0,102,https://www.altimetrias.net/aspbk/verPuerto.asp?id=036,"(42.0085641,-2.8027209)",,"[-2.8027209,42.0085641]"
685,Puerto De Alájar,Huelva,Llanos de Orullos,837,491,10.0,4.8,102,https://www.altimetrias.net/aspbk/verPerfilusu.asp?id=1520,"(37.8849416,-6.6598954)",,"[-6.6598954,37.8849416]"
686,Krutzeta,Álava,Aramaio-Uribarri,697,372,4.7,7.9,101,https://www.altimetrias.net/aspbk/verPerfilusu.asp?id=1949,"(43.0275459,-2.5812633)",,"[-2.5812633,43.0275459]"
688,Puerto Del Viento,Málaga,El Burgo,1061,489,13.0,3.6,100,https://www.altimetrias.net/aspbk/verPerfilusu.asp?id=0234,"(36.7889788,-5.0484876)",,"[-5.0484876,36.7889788]"
689,Aralla,León,Villamanín,1542,411,21.0,1.8,100,https://www.altimetrias.net/aspbk/verPerfilusu.asp?id=1662,"(42.9030257,-5.8371601)",,"[-5.8371601,42.9030257]"
692,Baños De Panticosa,Huesca,Panticosa,1639,514,10.0,5.0,100,https://www.altimetrias.net/aspbk/verPerfilusu.asp?id=1359,"(42.7606191,-0.2334477)",,"[-0.2334477,42.7606191]"
694,Los Álamos,Murcia,Moratalla,1215,605,12.0,4.9,100,https://www.altimetrias.net/aspbk/verPerfilusu.asp?id=1676,"(37.643624,-1.1373396)",,"[-1.1373396,37.643624]"
695,Monte Penedo Do Boi,A Coruña,A Ponte Aranga,621,356,4.4,8.0,98,https://www.altimetrias.net/aspbk/verPerfilusu.asp?id=1457,"(43.2450673,-8.0011593)",,"[-8.0011593,43.2450673]"
696,Torre Miró,Castellón,Herbés,1249,444,8.6,5.1,98,https://www.altimetrias.net/aspbk/verPerfilusu.asp?id=1077,"(40.6748623,-0.0601576)",,"[-0.0601576,40.6748623]"
700,Puerto De Las Abejas,Málaga,Río Grande (Este),822,629,14.0,4.2,97,https://www.altimetrias.net/aspbk/verPerfilusu.asp?id=0264,"(36.7460078,-4.9278917)",,"[-4.9278917,36.7460078]"
703,Puerto Del Aire,Málaga,Serrato,930,439,8.4,5.2,97,https://www.altimetrias.net/aspbk/verPerfilusu.asp?id=0541,"(37.0145803,-4.556373)",,"[-4.556373,37.0145803]"
704,Perdón-Erreniega,Navarra,Astrain,1031,514,8.4,6.0,96,https://www.altimetrias.net/aspbk/verPerfilusu.asp?id=1707,"(42.7330528,-1.7190332)",,"[-1.7190332,42.7330528]"
707,Gorla,Gipuzkoa,Azkoitia,681,534,9.9,5.3,95,https://www.altimetrias.net/aspbk/verPerfilusu.asp?id=0022,"(43.1372485,-2.373769)",,"[-2.373769,43.1372485]"
710,Remolcador,Castellón,Ludiente,988,650,19.0,3.3,94,https://www.altimetrias.net/aspbk/verPerfilusu.asp?id=0634,"(40.0188288,-0.1409769)",,"[-0.1409769,40.0188288]"
712,Atxondo,Bizkaia,"Areatza (km 28,5 N-240)",423,280,4.1,6.7,94,https://www.altimetrias.net/aspbk/verPerfilusu.asp?id=1485,"(43.1302284,-2.5856042)",,"[-2.5856042,43.1302284]"
714,Puerto Lobo,Granada,Viznar,1230,518,9.4,5.6,94,https://www.altimetrias.net/aspbk/verPerfilusu.asp?id=0227,"(37.2247748,-3.5384428)",,"[-3.5384428,37.2247748]"
715,Santuari Del Far,Girona,Hostalets,1105,564,15.0,3.7,94,https://www.altimetrias.net/aspbk/verPerfilusu.asp?id=0893,"(42.0210322,2.5366974)",,"[2.5366974,42.0210322]"
716,El Soplao,Cantabria,Rábago,624,430,6.9,6.3,94,https://www.altimetrias.net/aspbk/verPerfilusu.asp?id=0285,"(43.2964834,-4.4101268)",,"[-4.4101268,43.2964834]"
717,Ozeka,Álava,Llanteno-Erbi,517,335,6.8,4.9,93,https://www.altimetrias.net/aspbk/verPerfilusu.asp?id=0941,"(43.0705574,-3.0902854)",,"[-3.0902854,43.0705574]"
719,El Navaliegu,Asturias,Ciaño (Langreo),472,248,2.2,11.0,93,https://www.altimetrias.net/aspbk/verPerfilusu.asp?id=0548,"(43.1904832,-5.6151544)",,"[-5.6151544,43.1904832]"
722,San Pelaio,Bizkaia,"Bakio, por acantilados",302,282,3.6,7.8,93,https://www.altimetrias.net/aspbk/verPerfilusu.asp?id=0948,"(43.433819,-2.7872246)",,"[-2.7872246,43.433819]"
724,Bidania,Gipuzkoa,Tolosa,520,402,5.4,7.4,92,https://www.altimetrias.net/aspbk/verPerfilusu.asp?id=0108,"(43.1406008,-2.160723)",,"[-2.160723,43.1406008]"
726,La Casilla,Asturias,Blimea,635,366,4.4,8.3,92,https://www.altimetrias.net/aspbk/verPerfilusu.asp?id=0395,"(43.5435432,-5.6646577)",,"[-5.6646577,43.5435432]"
728,Serratella,Castellón,Torre Endoménech,844,567,15.0,3.7,92,https://www.altimetrias.net/aspbk/verPerfilusu.asp?id=0530,"(40.3127349,0.0311219)",,"[0.0311219,40.3127349]"
729,Collado De Los Yesos,Jaén,A310,1119,499,9.4,5.2,91,https://www.altimetrias.net/aspbk/verPerfilusu.asp?id=1258,"(37.6515608,-3.456033)",,"[-3.456033,37.6515608]"
731,Aseginolaza,Gipuzkoa,Soraluze,528,432,6.3,6.7,91,https://www.altimetrias.net/aspbk/verPerfilusu.asp?id=1642,"(42.9770349,-2.2896089)",,"[-2.2896089,42.9770349]"
732,Agiña,Navarra,Lesaka,549,475,8.0,5.9,90,https://www.altimetrias.net/aspbk/verPerfilusu.asp?id=1738,"(43.2691752,-1.762148)",,"[-1.762148,43.2691752]"
737,Monte De Ancos,A Coruña,A Pone de Xubia,262,256,2.9,8.7,89,https://www.altimetrias.net/aspbk/verPerfilusu.asp?id=1408,"(43.51421,-8.1415922)",,"[-8.1415922,43.51421]"
740,Culou,A Coruña,Noia,494,483,9.5,5.0,88,https://www.altimetrias.net/aspbk/verPerfilusu.asp?id=0571,"(42.8029613,-8.8041016)",,"[-8.8041016,42.8029613]"
742,O Cristo De Portapena,Lugo,Bravos,513,449,7.8,5.7,88,https://www.altimetrias.net/aspbk/verPerfilusu.asp?id=1353,"(43.6181111,-7.7036883)",,"[-7.7036883,43.6181111]"
747,A Áspera,A Coruña,Fragas del Eume,335,298,3.4,8.6,87,https://www.altimetrias.net/aspbk/verPerfilusu.asp?id=1400,"(43.4025997,-8.104128)",,"[-8.104128,43.4025997]"
748,Pena Da Agrela,A Coruña,Pazos-Padrón,400,375,5.6,6.7,86,https://www.altimetrias.net/aspbk/verPerfilusu.asp?id=0678,"(42.7862559,-8.6226825)",,"[-8.6226825,42.7862559]"
752,Collado De La Traviesa,Jaén,Norte,1386,394,8.5,4.6,86,https://www.altimetrias.net/aspbk/verPerfilusu.asp?id=0747,"(38.0780917,-2.9066778)",,"[-2.9066778,38.0780917]"
754,Puerto Del Zamorano,Sevilla,Río Guadamanil,778,443,13.0,3.3,85,https://www.altimetrias.net/aspbk/verPerfilusu.asp?id=0518,"(37.0072446,-5.176943)",,"[-5.176943,37.0072446]"
758,El Bellotar,Albacete,Villaverde de Guadalimar,1251,466,8.6,5.4,85,https://www.altimetrias.net/aspbk/verPerfilusu.asp?id=0148,"(38.4721783,-2.5501464)",,"[-2.5501464,38.4721783]"
759,Santa Cecía,A Coruña,Os Ánxeles,497,448,8.1,5.5,85,https://www.altimetrias.net/aspbk/verPerfilusu.asp?id=0624,"(42.8204915,-8.7009758)",,"[-8.7009758,42.8204915]"
764,Portela De Aldarís,A Coruña,Ponte Beluso,418,415,9.1,4.5,84,https://www.altimetrias.net/aspbk/verPerfilusu.asp?id=0180,"(42.7471981,-8.7944478)",,"[-8.7944478,42.7471981]"
771,Altotero,Burgos,Poza de la Sal,1093,470,8.4,5.5,83,https://www.altimetrias.net/aspbk/verPerfilusu.asp?id=1946,"(42.2778939,-3.6546802)",,"[-3.6546802,42.2778939]"
773,El Colladico,Castellón,Torrechiva,664,348,5.4,6.6,82,https://www.altimetrias.net/aspbk/verPerfilusu.asp?id=1467,"(40.1370819,-0.3705758)",,"[-0.3705758,40.1370819]"
774,Villa De Ocón,La Rioja,Corera,892,371,6.1,6.0,82,https://www.altimetrias.net/aspbk/verPerfilusu.asp?id=1241,"(42.3138014,-2.208679)",,"[-2.208679,42.3138014]"
776,Opakua,Álava,Opakua,1025,420,7.4,5.7,82,https://www.altimetrias.net/aspbk/verPerfilusu.asp?id=0950,"(42.815048,-2.3318082)",,"[-2.3318082,42.815048]"
781,Lekamaña,Álava,Amurrio (P. Ind. Aldaiturriaga),479,229,2.1,10.0,81,https://www.altimetrias.net/aspbk/verPerfilusu.asp?id=0920,"(43.0212813,-2.9961401)",,"[-2.9961401,43.0212813]"
782,Nabarniz,Bizkaia,Aulesti-Narea,365,273,4.0,6.0,81,https://www.altimetrias.net/aspbk/verPuerto.asp?id=001,"(43.3215488,-2.5844368)",,"[-2.5844368,43.3215488]"
785,A Capela,A Coruña,Central del Eume,400,330,4.3,7.6,80,https://www.altimetrias.net/aspbk/verPerfilusu.asp?id=1544,"(43.4349893,-8.0718426)",,"[-8.0718426,43.4349893]"
787,Cresta Del Gallo,Murcia,Los Garres,430,379,5.5,6.8,80,https://www.altimetrias.net/aspbk/verPerfilusu.asp?id=1176,"(37.9428585,-1.0876729)",,"[-1.0876729,37.9428585]"
788,Ermita De Sant Antoni,Alicante,Alcoi,912,287,3.2,8.9,79,https://www.altimetrias.net/aspbk/verPerfilusu.asp?id=1181,"(38.67100285,-0.4768144688922988)",,"[-0.4768144688922988,38.67100285]"
789,Breamo,A Coruña,Perbes,300,293,4.2,6.9,79,https://www.altimetrias.net/aspbk/verPerfilusu.asp?id=1927,"(43.4020114,-8.1814585)",,"[-8.1814585,43.4020114]"
791,Arrugaeta,Bizkaia,Jauregi (Orozko),440,247,2.8,8.8,79,https://www.altimetrias.net/aspbk/verPerfilusu.asp?id=0927,"(43.1069696,-2.9112324)",,"[-2.9112324,43.1069696]"
792,Collado De Cieza,Cantabria,Los Corrales de Buelna,391,298,3.7,7.8,79,https://www.altimetrias.net/aspbk/verPerfilusu.asp?id=1440,"(43.23976,-4.09676)",,"[-4.09676,43.23976]"
795,Sotavento,A Coruña,Ponte do Dez,665,324,6.6,4.8,78,https://www.altimetrias.net/aspbk/verPerfilusu.asp?id=1906,"(43.5351273,-8.197082551130919)",,"[-8.197082551130919,43.5351273]"
798,Coll De La Bandereta,Castellón,CV-156 (Vall d'Alba),790,426,12.0,3.5,77,https://www.altimetrias.net/aspbk/verPerfilusu.asp?id=1980,"(40.2760265,-0.0328274)",,"[-0.0328274,40.2760265]"
801,Rigadas,Bizkaia,Zalla,412,325,5.6,5.8,77,https://www.altimetrias.net/aspbk/verPerfilusu.asp?id=0851,"(43.1811299,-3.1384297)",,"[-3.1384297,43.1811299]"
802,Puerto De Benifallim,Alicante,Benilloba,1009,493,11.0,4.3,77,https://www.altimetrias.net/aspbk/verPerfilusu.asp?id=1183,"(38.6406656,-0.4031259)",,"[-0.4031259,38.6406656]"
804,Maume,Bizkaia,Zugaztieta,425,315,8.7,3.6,77,https://www.altimetrias.net/aspbk/verPerfilusu.asp?id=0944,"(43.2282155,-2.6376624)",,"[-2.6376624,43.2282155]"
808,Coll De Jouet,Barcelona,río Aigua de Valls,1217,384,12.0,3.1,76,https://www.altimetrias.net/aspbk/verPerfilusu.asp?id=1100,"(42.0942497,1.7610429)",,"[1.7610429,42.0942497]"
812,Aia,Gipuzkoa,Orio-Amasportu,328,316,4.4,7.1,75,https://www.altimetrias.net/aspbk/verPerfilusu.asp?id=1541,"(43.236547,-2.1486667)",,"[-2.1486667,43.236547]"
815,Refugio De Linza,Huesca,Ansó,1347,493,19.0,2.5,75,https://www.altimetrias.net/aspbk/verPerfilusu.asp?id=1369,"(42.8982347,-0.7995074507067803)",,"[-0.7995074507067803,42.8982347]"
816,Arano,Navarra,Hernani,486,370,5.4,6.8,75,https://www.altimetrias.net/aspbk/verPerfilusu.asp?id=0103,"(43.1995483,-1.8948332)",,"[-1.8948332,43.1995483]"
818,Portixol,Valencia,Aielo de Malferit,777,474,11.0,4.1,75,https://www.altimetrias.net/aspbk/verPerfilusu.asp?id=1337,"(38.7564417,0.2129834)",,"[0.2129834,38.7564417]"
819,Luezas,La Rioja,Terroba,1148,374,7.8,4.8,74,https://www.altimetrias.net/aspbk/verPerfilusu.asp?id=1232,"(42.2879982,-2.4743369)",,"[-2.4743369,42.2879982]"
821,Campo Layal,Cantabria,San Pantaleón de Aras,418,378,8.2,4.6,74,https://www.altimetrias.net/aspbk/verPerfilusu.asp?id=1008,"(43.3191116,-3.4698473)",,"[-3.4698473,43.3191116]"
822,Tibidabo,Barcelona,Club Tenis Sant Gervasi,507,340,6.4,5.2,74,https://www.altimetrias.net/aspbk/verPerfilusu.asp?id=1324,"(41.4223678,2.118914)",,"[2.118914,41.4223678]"
823,Barbari,Gipuzkoa,Segura,532,305,3.8,7.9,74,https://www.altimetrias.net/aspbk/verPerfilusu.asp?id=0890,"(42.9903871,-2.2893733)",,"[-2.2893733,42.9903871]"
825,Jata,Bizkaia,Armintza,286,274,9.8,4.2,74,https://www.altimetrias.net/aspbk/verPerfilusu.asp?id=0438,"(43.4040046,-2.8420966)",,"[-2.8420966,43.4040046]"
826,Los Alazores,Granada,Loja,1100,511,21.0,2.4,73,https://www.altimetrias.net/aspbk/verPerfilusu.asp?id=0067,"(37.0423947,-4.2459652)",,"[-4.2459652,37.0423947]"
829,Campa San Juan,Asturias,La Fontanina desde Martimporra,547,245,2.7,9.1,73,https://www.altimetrias.net/aspbk/verPerfilusu.asp?id=0540,"(43.2146745,-6.8891395)",,"[-6.8891395,43.2146745]"
831,Las Majadas,Cuenca,Villalba de la Sierra,1463,478,11.0,4.3,73,https://www.altimetrias.net/aspbk/verPerfilusu.asp?id=1450,"(40.2975717,-2.0224378)",,"[-2.0224378,40.2975717]"
833,Montefrío,Granada,Tocón,1149,444,9.3,4.7,72,https://www.altimetrias.net/aspbk/verPerfilusu.asp?id=0026,"(37.321018,-4.011123)",,"[-4.011123,37.321018]"
835,Eleizalde,Bizkaia,Olea,291,210,3.4,6.1,72,https://www.altimetrias.net/aspbk/verPerfilusu.asp?id=1185,"(43.3725552,-2.8144915)",,"[-2.8144915,43.3725552]"
837,Rincón Bello,Alicante,Agost,696,384,13.0,2.9,72,https://www.altimetrias.net/aspbk/verPerfilusu.asp?id=1251,"(38.4804416,-0.7002192)",,"[-0.7002192,38.4804416]"
838,Campo La Cruz,Cantabria,Secadura,349,284,3.5,8.0,72,https://www.altimetrias.net/aspbk/verPerfilusu.asp?id=0785,"(43.2547982,-4.6153904)",,"[-4.6153904,43.2547982]"
841,La Gándara,Cantabria,Regules,691,514,13.0,3.9,72,https://www.altimetrias.net/aspbk/verPerfilusu.asp?id=1085,"(43.4636321,-3.7986509)",,"[-3.7986509,43.4636321]"
842,Aritxulegi,Gipuzkoa,Oiartzun,568,341,4.7,7.3,72,https://www.altimetrias.net/aspbk/verPerfilusu.asp?id=0115,"(43.2726177,-1.7934214)",,"[-1.7934214,43.2726177]"
843,Alto De Las Solanas,León,La Robla,1412,462,13.0,3.4,72,https://www.altimetrias.net/aspbk/verPerfilusu.asp?id=1660,"(42.8499618,-5.602307)",,"[-5.602307,42.8499618]"
848,Artxanda,Bizkaia,Sondika/La Ola/San Roke,241,235,3.4,6.9,71,https://www.altimetrias.net/aspbk/verPerfilusu.asp?id=0651,"(43.2748139,-2.918423)",,"[-2.918423,43.2748139]"
855,Mogarraz,Salamanca,La Regajera,1031,464,9.9,4.7,70,https://www.altimetrias.net/aspbk/verPerfilusu.asp?id=0666,"(40.4922174,-6.0532476)",,"[-6.0532476,40.4922174]"
856,Regil,Gipuzkoa,Azpeitia,780,467,13.0,3.5,70,https://www.altimetrias.net/aspbk/verPerfilusu.asp?id=0118,"(43.1647321,-2.1743978)",,"[-2.1743978,43.1647321]"
859,Fuente Las Varas,Cantabria,San Miguel de Aras,447,375,6.0,6.0,69,https://www.altimetrias.net/aspbk/verPuerto.asp?id=090,"(43.3401836,-3.5825198)",,"[-3.5825198,43.3401836]"
860,Ciudad Encantada,Cuenca,Villalba de la Sierra,1410,438,13.0,3.2,69,https://www.altimetrias.net/aspbk/verPerfilusu.asp?id=1452,"(40.2064915,-2.0060774)",,"[-2.0060774,40.2064915]"
861,Collado De Las Vigas,Cuenca,La Olmeda,1073,418,7.6,5.5,69,https://www.altimetrias.net/aspbk/verPerfilusu.asp?id=1460,"(39.9437258,-1.2789987)",,"[-1.2789987,39.9437258]"
863,Tetas De Liérganes,Cantabria,Liérganes (única),400,300,6.5,4.6,69,https://www.altimetrias.net/aspbk/verPerfilusu.asp?id=0160,"(43.3326206,-3.7333147)",,"[-3.7333147,43.3326206]"
866,Collada De Aralla,León,Aralla,1544,419,7.6,5.5,69,https://www.altimetrias.net/aspbk/verPerfilusu.asp?id=0793,"(42.9040142,-5.8046937)",,"[-5.8046937,42.9040142]"
867,La Eme,Burgos,Pesquera de Ebro,1027,374,7.0,5.0,68,https://www.altimetrias.net/aspbk/verPuerto.asp?id=029,"(42.7984392,-3.6895322)",,"[-3.6895322,42.7984392]"
871,Errea,Navarra,Setoain,842,342,5.1,6.7,67,https://www.altimetrias.net/aspbk/verPerfilusu.asp?id=0242,"(42.8928154,-1.4908345)",,"[-1.4908345,42.8928154]"
872,Muela De San Juan,Teruel,Villar del Cobo,1796,372,8.6,4.3,67,https://www.altimetrias.net/aspbk/verPerfilusu.asp?id=1458,"(40.4192212,-1.724044)",,"[-1.724044,40.4192212]"
873,Urkillaga,Gipuzkoa,Ataun,513,300,3.9,7.6,67,https://www.altimetrias.net/aspbk/verPerfilusu.asp?id=1925,"(42.9750805,-2.1667004)",,"[-2.1667004,42.9750805]"
876,Fuerte Rapitán,Huesca,Jaca,1107,269,3.3,8.1,67,https://www.altimetrias.net/aspbk/verPerfilusu.asp?id=1667,"(42.589115500000005,-0.5363137488758563)",,"[-0.5363137488758563,42.589115500000005]"
878,San Martín De Jubera,La Rioja,Valle del Jubera,804,270,3.8,7.1,66,https://www.altimetrias.net/aspbk/verPerfilusu.asp?id=0963,"(42.2966967,-2.3082058)",,"[-2.3082058,42.2966967]"
882,Urtsua,Navarra,Gartxitoneko borda,544,289,4.4,6.5,66,https://www.altimetrias.net/aspbk/verPerfilusu.asp?id=1632,"(43.23242495,-1.5701591155132926)",,"[-1.5701591155132926,43.23242495]"
883,Udala,Gipuzkoa,Arrasate/Mondragón,504,287,3.0,7.0,66,https://www.altimetrias.net/aspbk/verPuerto.asp?id=082,"(43.0783368,-2.5135948)",,"[-2.5135948,43.0783368]"
884,La Cruz,Asturias,Lieres,540,289,4.3,6.6,66,https://www.altimetrias.net/aspbk/verPerfilusu.asp?id=0570,"(43.3605899,-5.9135798)",,"[-5.9135798,43.3605899]"
890,Augasantas,A Coruña,Portobravo-Lousame,450,420,17.0,2.4,65,https://www.altimetrias.net/aspbk/verPerfilusu.asp?id=0611,"(42.7940476,-8.7379626)",,"[-8.7379626,42.7940476]"
891,Azpegi,Navarra,Aribe,1052,273,5.8,4.7,65,https://www.altimetrias.net/aspbk/verPerfilusu.asp?id=0267,"(43.03440805,-1.2250214984953924)",,"[-1.2250214984953924,43.03440805]"
893,Nuestra Señora De Tremedal,Teruel,Orihuela del Tremedal,1743,315,4.8,6.5,64,https://www.altimetrias.net/aspbk/verPerfilusu.asp?id=0578,"(40.5498756,-1.652073)",,"[-1.652073,40.5498756]"
906,Radar De Cullera,Valencia,Cullera,229,227,3.0,7.4,63,https://www.altimetrias.net/aspbk/verPerfilusu.asp?id=0706,"(39.1762634,-0.2510616)",,"[-0.2510616,39.1762634]"
907,Sagüera De Luna,León,Mora de Luna,1295,285,3.9,7.1,63,https://www.altimetrias.net/aspbk/verPerfilusu.asp?id=1581,"(42.842197,-5.8240129)",,"[-5.8240129,42.842197]"
911,Andazarrate,Gipuzkoa,Orio - Aia,461,421,16.0,2.1,62,https://www.altimetrias.net/aspbk/verPerfilusu.asp?id=0112,"(43.2025449,-2.1352363)",,"[-2.1352363,43.2025449]"
912,La Gallina,Granada,Cacín,977,324,5.5,5.9,62,https://www.altimetrias.net/aspbk/verPerfilusu.asp?id=0071,"(37.3220994,-3.835455)",,"[-3.835455,37.3220994]"
916,Egozkue,Navarra,Egozkue,896,344,7.6,4.5,61,https://www.altimetrias.net/aspbk/verPerfilusu.asp?id=0098,"(42.9621751,-1.5772652)",,"[-1.5772652,42.9621751]"
917,Mandubia,Gipuzkoa,Beasain,541,360,6.0,5.9,61,https://www.altimetrias.net/aspbk/verPerfilusu.asp?id=1565,"(43.0869274,-2.2450845)",,"[-2.2450845,43.0869274]"
918,Beneixama,Alicante,Beneixama,987,394,9.2,4.3,61,https://www.altimetrias.net/aspbk/verPerfilusu.asp?id=1104,"(38.7008815,-0.7641359)",,"[-0.7641359,38.7008815]"
925,El Vacar,Córdoba,Río Guadalbarbo (Norte),624,324,5.0,6.5,60,https://www.altimetrias.net/aspbk/verPerfilusu.asp?id=0637,"(38.077329250000005,-4.852629581617144)",,"[-4.852629581617144,38.077329250000005]"
928,Alisedo,Bizkaia,Traslaviña,418,207,2.2,9.1,59,https://www.altimetrias.net/aspbk/verPerfilusu.asp?id=1065,"(43.2534179,-3.2347127)",,"[-3.2347127,43.2534179]"
934,Bustidoño,Cantabria,Aldea de Ebro,1059,279,8.8,3.1,58,https://www.altimetrias.net/aspbk/verPerfilusu.asp?id=2005,"(42.9221165,-3.9910504)",,"[-3.9910504,42.9221165]"
935,Etxaguen,Álava,Aramaio,625,299,4.0,6.0,58,https://www.altimetrias.net/aspbk/verPuerto.asp?id=056,"(42.98228985,-2.7189004005118957)",,"[-2.7189004005118957,42.98228985]"
937,Llombera,León,Huergas de Gordón,1291,294,5.7,5.1,58,https://www.altimetrias.net/aspbk/verPerfilusu.asp?id=0796,"(42.8432056,-5.592042)",,"[-5.592042,42.8432056]"
944,Cerro Muriano,Córdoba,Sur,558,374,10.0,3.5,57,https://www.altimetrias.net/aspbk/verPerfilusu.asp?id=0676,"(38.0027632,-4.7694687)",,"[-4.7694687,38.0027632]"
945,Collado De Cuatro Caminos,Castellón,Montán,891,343,7.7,4.4,57,https://www.altimetrias.net/aspbk/verPerfilusu.asp?id=1399,"(39.9379646,-0.4116949)",,"[-0.4116949,39.9379646]"
946,Aintzioa,Navarra,Erro,971,310,4.9,6.3,57,https://www.altimetrias.net/aspbk/verPerfilusu.asp?id=1920,"(42.919429,-1.4240526)",,"[-1.4240526,42.919429]"
947,Fresnedillas,Madrid,Quijorna,957,396,11.0,3.6,57,https://www.altimetrias.net/aspbk/verPerfilusu.asp?id=0309,"(40.9022852,-3.5739922)",,"[-3.5739922,40.9022852]"
948,Puerto De La Reina,Ávila,Sur (CL-501),714,314,6.4,4.9,57,https://www.altimetrias.net/aspbk/verPerfilusu.asp?id=0216,"(40.2054935,-5.0200134)",,"[-5.0200134,40.2054935]"
949,Guirguillano,Navarra,Guirguillano,725,356,7.7,4.6,56,https://www.altimetrias.net/aspbk/verPerfilusu.asp?id=1623,"(42.7180835,-1.8782768)",,"[-1.8782768,42.7180835]"
950,Desierto De Las Palmas,Castellón,La Magdalena,422,392,8.6,4.5,56,https://www.altimetrias.net/aspbk/verPerfilusu.asp?id=1968,"(40.0743866,0.0278543)",,"[0.0278543,40.0743866]"
951,Puerto Martínez,Málaga,El Burgo o Ardales,736,278,7.3,3.8,56,https://www.altimetrias.net/aspbk/verPerfilusu.asp?id=0546,"(36.807473,-4.8407363)",,"[-4.8407363,36.807473]"
954,La Camperona,Asturias,(S) La Hueria Carrocera,574,311,5.7,5.5,56,https://www.altimetrias.net/aspbk/verPerfilusu.asp?id=0386,"(43.3420886,-5.626604)",,"[-5.626604,43.3420886]"
955,Montesclaros,Cantabria,Río Ebro (CA-735),1066,243,3.8,6.2,56,https://www.altimetrias.net/aspbk/verPerfilusu.asp?id=1265,"(42.931514,-4.049755188884904)",,"[-4.049755188884904,42.931514]"
956,Relleu,Alicante,Embalse del Amadorio,492,351,12.0,2.7,56,https://www.altimetrias.net/aspbk/verPerfilusu.asp?id=1028,"(38.5874435,-0.3111354)",,"[-0.3111354,38.5874435]"
957,Genbe,Navarra,Genbe,921,338,5.0,5.0,55,https://www.altimetrias.net/aspbk/verPuerto.asp?id=095,"(42.8049211,-1.9012592)",,"[-1.9012592,42.8049211]"
959,Cabanes,Castellón,N-340,389,355,9.4,3.8,55,https://www.altimetrias.net/aspbk/verPerfilusu.asp?id=1474,"(40.1564567,0.0437829)",,"[0.0437829,40.1564567]"
961,Untzilla,Álava,Gesalibar-Aramaio,481,202,2.0,8.0,55,https://www.altimetrias.net/aspbk/verPuerto.asp?id=039,"(43.0421852,-2.5377047)",,"[-2.5377047,43.0421852]"
964,Puerto Artafi,Córdoba,Río Guadiato,524,336,6.0,5.5,54,https://www.altimetrias.net/aspbk/verPerfilusu.asp?id=0366,"(37.9411366,-4.9388665)",,"[-4.9388665,37.9411366]"
971,Zuarrarrate,Navarra,Irurzun,800,350,7.0,4.0,54,https://www.altimetrias.net/aspbk/verPuerto.asp?id=093,"(42.9433196,-1.874863)",,"[-1.874863,42.9433196]"
973,Margarida,Alicante,Embalse de Beniarrés,636,300,9.8,3.0,54,https://www.altimetrias.net/aspbk/verPerfilusu.asp?id=1478,"(38.7877701,-0.3001209)",,"[-0.3001209,38.7877701]"
974,Puerto De La Calerilla,Málaga,Benaoján,773,341,9.2,3.7,54,https://www.altimetrias.net/aspbk/verPerfilusu.asp?id=0728,"(36.7690815,-5.2470555)",,"[-5.2470555,36.7690815]"
976,Santa Ana La Real,Huelva,Rivera del Vaho,659,371,12.0,3.0,53,https://www.altimetrias.net/aspbk/verPerfilusu.asp?id=1582,"(37.8639155,-6.7244264)",,"[-6.7244264,37.8639155]"
978,Ricote,Murcia,Salto de la novia,429,314,5.4,5.7,53,https://www.altimetrias.net/aspbk/verPerfilusu.asp?id=1971,"(38.1540529,-1.3668162)",,"[-1.3668162,38.1540529]"
982,Santo Domingo,Bizkaia,Derio-Galbarriatu,246,225,4.3,5.2,53,https://www.altimetrias.net/aspbk/verPerfilusu.asp?id=1521,"(43.2165436,-3.1939983)",,"[-3.1939983,43.2165436]"
983,Goriko,Bizkaia,Arrigorriaga,270,210,2.7,7.7,53,https://www.altimetrias.net/aspbk/verPerfilusu.asp?id=0813,"(43.2146248,-2.9060597)",,"[-2.9060597,43.2146248]"
984,Usetxi,Navarra,Leranotz,760,235,4.4,5.5,53,https://www.altimetrias.net/aspbk/verPerfilusu.asp?id=0304,"(42.9485116,-1.5388182)",,"[-1.5388182,42.9485116]"
986,La Venta´L Aire,Asturias,Pénjamo (Langreo),431,211,2.7,7.8,52,https://www.altimetrias.net/aspbk/verPerfilusu.asp?id=0399,"(43.3184366,-5.8414722)",,"[-5.8414722,43.3184366]"
988,Perdón,Navarra,Legarda,683,247,4.2,5.8,52,https://www.altimetrias.net/aspbk/verPerfilusu.asp?id=1625,"(42.7404933,-1.7651462)",,"[-1.7651462,42.7404933]"
989,Los Heros,Álava,Artziniega,372,234,5.3,4.4,52,https://www.altimetrias.net/aspbk/verPerfilusu.asp?id=0662,"(43.1349092,-3.1427028)",,"[-3.1427028,43.1349092]"
992,Urkarregi (San Miguel),Gipuzkoa,Elgoibar,347,301,6.4,4.7,52,https://www.altimetrias.net/aspbk/verPerfilusu.asp?id=1391,"(43.2377247,-2.4415254)",,"[-2.4415254,43.2377247]"
993,Alto Del Lugar,Cuenca,Cuenca,1327,325,10.0,2.9,52,https://www.altimetrias.net/aspbk/verPerfilusu.asp?id=1454,"(40.1327477,-2.0018938)",,"[-2.0018938,40.1327477]"
999,Collado De Los Jardines,Jaén,Río Despeñaperros,871,321,5.8,5.5,51,https://www.altimetrias.net/aspbk/verPerfilusu.asp?id=0279,"(37.6515608,-3.456033)",,"[-3.456033,37.6515608]"
1000,Lizarrieta,Navarra,Etxalar,442,345,7.4,4.6,51,https://www.altimetrias.net/aspbk/verPerfilusu.asp?id=1634,"(43.2607288,-1.6194677499999983)",,"[-1.6194677499999983,43.2607288]"
1001,Puerto De Ricote,Murcia,Ojós,429,300,5.2,5.7,51,https://www.altimetrias.net/aspbk/verPerfilusu.asp?id=1215,"(38.1539805,-1.3648697)",,"[-1.3648697,38.1539805]"
1003,El Calvario,Gipuzkoa,Sasiola-Astigarribia,250,232,4.1,5.6,51,https://www.altimetrias.net/aspbk/verPerfilusu.asp?id=1406,"(43.2948996,-2.3831099)",,"[-2.3831099,43.2948996]"
1012,El Sequén,Murcia,La Alberca,300,240,3.6,6.5,49,https://www.altimetrias.net/aspbk/verPerfilusu.asp?id=1374,"(37.9444474,-1.1313983)",,"[-1.1313983,37.9444474]"
1013,Campo Do Pozo,A Coruña,Portomouro,476,311,7.9,3.9,49,https://www.altimetrias.net/aspbk/verPerfilusu.asp?id=0113,"(42.9931548,-8.7240995)",,"[-8.7240995,42.9931548]"
1016,Pesadoira,A Coruña,O Areal-Serra de Outes,354,335,13.0,2.5,48,https://www.altimetrias.net/aspbk/verPerfilusu.asp?id=1042,"(42.9425054,-8.8752194)",,"[-8.8752194,42.9425054]"
1022,Sojo,Álava,Artziniega,435,247,3.8,6.5,47,https://www.altimetrias.net/aspbk/verPerfilusu.asp?id=0887,"(43.0906891,-3.122956)",,"[-3.122956,43.0906891]"
1023,Cocañín,Asturias,La Hueria Carrocera,484,221,3.1,7.1,47,https://www.altimetrias.net/aspbk/verPerfilusu.asp?id=0534,"(43.30584105,-5.6058966)",,"[-5.6058966,43.30584105]"
1025,Cornombre,León,Santibáñez de Arienza,1289,210,4.1,5.0,47,https://www.altimetrias.net/aspbk/verPerfilusu.asp?id=1409,"(42.8267021,-6.0377449)",,"[-6.0377449,42.8267021]"
1027,Talledo,Cantabria,Ontón,290,266,5.7,4.6,46,https://www.altimetrias.net/aspbk/verPerfilusu.asp?id=1150,"(43.31635,-3.17302)",,"[-3.17302,43.31635]"
1030,Blancares,Granada,La Peza,1349,323,9.4,3.4,46,https://www.altimetrias.net/aspbk/verPerfilusu.asp?id=0209,"(37.2513736,-3.3750676)",,"[-3.3750676,37.2513736]"
1034,Cruz De Usaño,Cantabria,Riba,347,217,3.1,7.0,45,https://www.altimetrias.net/aspbk/verPerfilusu.asp?id=0829,"(43.2997878,-3.5650253)",,"[-3.5650253,43.2997878]"
1035,Arratzain,Gipuzkoa,Donostia/San Sebastián,227,212,3.7,5.6,45,https://www.altimetrias.net/aspbk/verPerfilusu.asp?id=1533,"(43.2921174,-2.058064)",,"[-2.058064,43.2921174]"
1039,Goiuria,Bizkaia,Iurreta,392,281,5.0,5.0,45,https://www.altimetrias.net/aspbk/verPuerto.asp?id=033,"(43.1887263,-2.640582)",,"[-2.640582,43.1887263]"
1043,Lizarrusti,Gipuzkoa,Km 54 GI-2120,622,316,6.3,4.9,44,https://www.altimetrias.net/aspbk/verPerfilusu.asp?id=1928,"(42.9603821,-2.0991746)",,"[-2.0991746,42.9603821]"
1044,Orendain,Gipuzkoa,Alegia,432,300,6.3,4.7,44,https://www.altimetrias.net/aspbk/verPerfilusu.asp?id=0125,"(43.0794987,-2.1141376)",,"[-2.1141376,43.0794987]"
1048,Ibardin,Navarra,Bera,328,284,5.3,5.3,43,https://www.altimetrias.net/aspbk/verPerfilusu.asp?id=0106,"(43.31062420000001,-1.6892787963579217)",,"[-1.6892787963579217,43.31062420000001]"
1049,Ventorros De Zagra,Granada,Loja,858,316,6.7,4.7,43,https://www.altimetrias.net/aspbk/verPerfilusu.asp?id=0060,"(37.268629,-4.1520247)",,"[-4.1520247,37.268629]"
1053,Tollos,Alicante,Beniaia,825,239,4.1,5.7,42,https://www.altimetrias.net/aspbk/verPerfilusu.asp?id=0477,"(38.7569986,-0.2746901)",,"[-0.2746901,38.7569986]"
1054,Lezaun,Navarra,Casetas de Ciriza-Lezaun,832,274,7.0,3.0,42,https://www.altimetrias.net/aspbk/verPuerto.asp?id=096,"(42.7778491,-1.9942909)",,"[-1.9942909,42.7778491]"
1055,Los Braciquios(Barqueros),Murcia,Vereda Belén(Sur),395,274,11.0,2.3,42,https://www.altimetrias.net/aspbk/verPerfilusu.asp?id=2063,"(37.9446606,-1.3841207)",,"[-1.3841207,37.9446606]"
1056,El Padrún,Asturias,Olloniego,370,241,3.9,5.9,42,https://www.altimetrias.net/aspbk/verPerfilusu.asp?id=0404,"(43.28850505,-5.810384872880952)",,"[-5.810384872880952,43.28850505]"
1059,Itziar,Gipuzkoa,Zumaia,330,295,8.4,3.4,42,https://www.altimetrias.net/aspbk/verPerfilusu.asp?id=1723,"(43.2763859,-2.3314037)",,"[-2.3314037,43.2763859]"
1065,Atagoiti,Gipuzkoa,Ormaiztegi,513,315,9.0,3.0,41,https://www.altimetrias.net/aspbk/verPuerto.asp?id=005,"(43.0503936,-2.3207088)",,"[-2.3207088,43.0503936]"
1066,Simat,Valencia,Simat,277,225,4.7,4.7,41,https://www.altimetrias.net/aspbk/verPerfilusu.asp?id=0703,"(39.0434528,-0.3114341)",,"[-0.3114341,39.0434528]"
1070,Orihuela,Teruel,Orihuela del Tremendal,1672,351,8.2,3.0,40,https://www.altimetrias.net/aspbk/verPerfilusu.asp?id=1431,"(40.5507519,-1.6504341)",,"[-1.6504341,40.5507519]"
1071,San Esteban De Las Cruces,Asturias,La Manzaneda,378,222,3.5,6.3,40,https://www.altimetrias.net/aspbk/verPerfilusu.asp?id=0414,"(43.34855175,-5.828925117518249)",,"[-5.828925117518249,43.34855175]"
1074,Olleros De Alba,León,La Robla,1204,254,8.7,2.9,38,https://www.altimetrias.net/aspbk/verPerfilusu.asp?id=1014,"(42.7999639,-5.6974329)",,"[-5.6974329,42.7999639]"
1076,Trascampo,Cantabria,Puente Viesgo,292,214,3.8,5.6,37,https://www.altimetrias.net/aspbk/verPerfilusu.asp?id=1857,"(43.2877489,-4.0070199)",,"[-4.0070199,43.2877489]"
1080,Belate,Navarra,Ventas de Arraitz,848,253,6.6,3.8,37,https://www.altimetrias.net/aspbk/verPerfilusu.asp?id=1831,"(43.048927,-1.6092558)",,"[-1.6092558,43.048927]"
1083,Punta Lucero,Bizkaia,Zierbana,226,223,4.1,5.5,36,https://www.altimetrias.net/aspbk/verPerfilusu.asp?id=1728,"(43.3486367,-3.1117641)",,"[-3.1117641,43.3486367]"
1088,Rosales,Burgos,Medina de Pomar,772,202,3.0,4.0,35,https://www.altimetrias.net/aspbk/verPuerto.asp?id=064,"(42.9413726,-3.4352588)",,"[-3.4352588,42.9413726]"
1089,Maigmó,Alicante,Tibi,668,212,5.5,3.8,35,https://www.altimetrias.net/aspbk/verPerfilusu.asp?id=1040,"(38.5018761,-0.6312948)",,"[-0.6312948,38.5018761]"
1090,Larraitz,Gipuzkoa,Zaldibia,400,229,5.0,4.0,35,https://www.altimetrias.net/aspbk/verPuerto.asp?id=010,"(43.0370272,-2.09872)",,"[-2.09872,43.0370272]"
1092,Albaida,Alicante,Muro d´Alcoi,592,221,6.1,3.6,34,https://www.altimetrias.net/aspbk/verPerfilusu.asp?id=1196,"(38.8659226,0.0069876)",,"[0.0069876,38.8659226]"
1094,Puerto De La Araña,Sevilla,Río Guadalporcún,472,236,6.0,3.9,34,https://www.altimetrias.net/aspbk/verPerfilusu.asp?id=0410,"(36.938339,-5.4263832)",,"[-5.4263832,36.938339]"
1095,San Vicente De Arana,Álava,Santa Cruz de Campezo,797,247,8.9,2.7,34,https://www.altimetrias.net/aspbk/verPerfilusu.asp?id=1361,"(42.7442025,-2.360863)",,"[-2.360863,42.7442025]"
1096,Garai,Bizkaia,Gerediaga,352,218,3.9,5.5,34,https://www.altimetrias.net/aspbk/verPerfilusu.asp?id=1584,"(43.1936552,-2.6114951)",,"[-2.6114951,43.1936552]"
1098,El Rabizo,León,La Robla,1162,210,4.5,4.6,33,https://www.altimetrias.net/aspbk/verPerfilusu.asp?id=0825,"(42.7793308,-5.6037015)",,"[-5.6037015,42.7793308]"
1101,La Hayuela,Cantabria,Comillas,290,267,6.7,3.8,31,https://www.altimetrias.net/aspbk/verPerfilusu.asp?id=0391,"(43.3365144,-4.2672032)",,"[-4.2672032,43.3365144]"
1103,Puerto Del Garruchal,Murcia,San José de la Vega,296,220,7.2,3.0,31,https://www.altimetrias.net/aspbk/verPerfilusu.asp?id=1130,"(37.9117688,-1.0484362)",,"[-1.0484362,37.9117688]"
1104,Puerto Sabar,Málaga,Riogordo,595,220,5.2,4.2,31,https://www.altimetrias.net/aspbk/verPerfilusu.asp?id=0936,"(36.9379208,-4.263456)",,"[-4.263456,36.9379208]"
1105,Iturrieta,Álava,Kontrasta,998,206,4.5,4.5,31,https://www.altimetrias.net/aspbk/verPerfilusu.asp?id=1363,"(42.793026,-2.3329227)",,"[-2.3329227,42.793026]"
1113,Alto De Couso,Lugo,O Chao de Pousadoiro-San Fiz,821,598,8.8,6.7,131,https://www.altimetrias.net/aspbk/verPerfilusu.asp?id=1476,"(42.3116892,-7.6667099)",,"[-7.6667099,42.3116892]"
1115,Peñarroya,Teruel,Linares,1962,729,22.0,3.2,121,https://www.altimetrias.net/aspbk/verPerfilusu.asp?id=2051,"(40.373285,-0.627586)",,"[-0.627586,40.373285]"
1116,Santuari De Falgars,Barcelona,Guardiola de Berguedà,1278,550,9.5,5.7,117,https://www.altimetrias.net/aspbk/verPerfilusu.asp?id=1102,"(42.2257726,1.9469165)",,"[1.9469165,42.2257726]"
1118,Collada De Arnicio,Asturias,La Marea (Piloña),916,588,9.4,6.3,115,https://www.altimetrias.net/aspbk/verPerfilusu.asp?id=0653,"(43.2319393,-5.3647004)",,"[-5.3647004,43.2319393]"
1119,Ermita De Pallerols,Tarragona,La Senia,772,405,6.0,6.7,112,https://www.altimetrias.net/aspbk/verPerfilusu.asp?id=1360,"(40.677954,0.282952)",,"[0.282952,40.677954]"
1122,Ravell,Girona,Arbúcies,1005,700,17.0,4.1,98,https://www.altimetrias.net/aspbk/verPerfilusu.asp?id=0808,"(41.8529456,2.4336724)",,"[2.4336724,41.8529456]"
