ID,name,ccaa,province,start,midpoint,trailrank,distance,gradient,min_alt,max_alt,municipality,mountain_passes_ids,municipalities_ids,difficulty_score
923,Angliru por Oviedo y Lena.,,,"[-6.101982,43.158859]","[-5.939921,43.235847]",67,124,3476,101,1566,,[0],"[5039, 5027, 5020, 5067]",8
5611,Angliru y Gamoniteiro por Oviedo y Lena.,,,"[-5.8297,43.155729]","[-5.929957,43.288199]",51,118,4234,102,1700,,"[0, 1, 84, 131]","[5039, 5027, 5067]",10
881,Ancares y Sierra De Morela por Cervantes y Ibias.,,,"[-7.157974,42.852246]","[-6.844199,42.889535]",55,130,2861,289,1651,,"[3, 182, 1109]","[4245, 5022]",7
5618,Pajares-Cuitu Negru y La Cubilla por Lena.,,,"[-5.806177,43.128166]","[-5.829091,43.083221]",42,121,2917,344,1824,,"[4, 51, 69, 438]",[5027],7
3467,Puerto Camacho y Haza Del Lino por Dúrcal y Órgiva.,,,"[-3.609443,37.156292]","[-3.275512,36.854694]",89,158,2450,242,1186,,"[5, 13]","[2747, 2806, 2818]",7
5630,Morredero - Portillinos y Fonte Da Cova-Collada Trevinca por Ponferrada y O Barco de Valdeorras.,,,"[-6.598849,42.556634]","[-6.708998,42.29604]",61,157,3201,342,1960,,"[6, 17, 32, 407]","[3723, 4910]",8
4740,Navacerrada-Bola Del Mundo y Morcuera por Rascafría.,,,"[-3.770706,40.812061]","[-3.996795,40.785964]",46,100,2354,1035,2251,,"[7, 148, 157, 229]",[4416],6
6550,Salto De La Cabra y Fuente Dé por Potes.,,,"[-4.609893,43.15849]","[-4.602693,43.170711]",39,99,2779,94,1101,,"[9, 657, 838]",[5832],7
7252,Calar Alto y Velefique-Tetica De Bacares por Gérgal.,,,"[-2.391882,37.050099]","[-2.492193,37.26823]",80,122,3283,412,2164,,"[10, 15, 29, 64, 77]",[325],8
691,Carrascoy por Murcia y Alhama de Murcia.,,,"[-1.153612,37.957681]","[-1.30439,37.831406]",15,73,1367,49,1064,,[11],"[4613, 4591]",4
4894,Oiz y Monte Oiz por Durango.,,,"[-2.421881,43.209405]","[-2.612288,43.22764]",48,75,1419,18,1018,,"[12, 417, 699, 1039, 1096, 1110]",[7525],4
5257,Haza Del Lino por Motril y Dúrcal.,,,"[-3.596787,37.182303]","[-3.262158,36.758787]",66,214,3043,7,1275,,[13],"[2800, 2747, 2806, 2818]",8
120,Peñas Blancas-Los Reales y Encinas Borrachas por Estepona y Ronda.,,,"[-5.147178,36.75532]","[-5.202558,36.482633]",24,138,4166,240,1458,,"[14, 426]","[4531, 4563, 4526]",10
714,Calar Alto y Velefique-Tetica De Bacares por Tíjola y Gérgal.,,,"[-2.439974,37.345602]","[-2.45027,37.182362]",61,95,2405,671,2163,,"[10, 15, 29, 64, 77]","[368, 325]",6
1489,Pradell y Josa por Berga.,,,"[1.853583,42.107265]","[1.568165,42.230493]",65,115,4117,632,1745,,"[16, 260, 808]",[887],10
5147,Fonte Da Cova-Collada Trevinca y Fonte Da Cova por O Barco de Valdeorras.,,,"[-6.993183,42.419836]","[-6.678986,42.298614]",37,105,2659,325,1809,,"[17, 407]",[4910],6
6727,Turó De L´Home por Sant Celoni.,,,"[2.490418,41.68586]","[2.450068,41.760025]",60,52,2084,144,1699,,[18],[1065],5
8589,La Panadera por Jaén y Martos.,,,"[-3.792983,37.75714]","[-3.831995,37.652074]",39,91,2602,583,1843,,[19],"[3565, 3575]",6
9500,Sierra De Bernia por Alicante y Benidorm.,,,"[-0.526918,38.40311]","[-0.093333,38.6339]",19,140,2302,18,672,,[21],"[151, 168, 247]",6
8326,La Ragua y Puerto De La Ragua por Guadix.,,,"[-3.599795,37.159726]","[-3.049014,37.172633]",88,199,3146,649,2033,,"[22, 490, 1030]",[2761],8
5044,Ibañeta-Ortzanzurieta y Artesiaga por Baztan y Esteribar.,,,"[-1.352348,42.972313]","[-1.42872,43.08615]",28,136,3327,148,1542,,"[24, 152, 617]","[4679, 4727]",8
5752,Pagolar y Altube por Vitoria-Gasteiz y Zuia.,,,"[-2.699593,42.864494]","[-3.00706,43.131296]",14,111,1578,22,631,,"[26, 326]","[44, 48]",5
5935,Rasos De Peguera por Berga.,,,"[1.85487,42.108059]","[1.765188,42.138233]",83,36,1215,781,1951,,[27],[887],3
3422,San Lorenzo y Maravio por Grado y Teverga.,,,"[-6.065119,43.393424]","[-6.163024,43.149475]",54,113,3395,65,1389,,"[28, 60, 476]","[5020, 5067]",8
7005,Calar Alto y Venta Luisa - Calar Alto por Tíjola y Gérgal.,,,"[-2.506767,37.344774]","[-2.442583,37.182182]",79,127,3558,686,2146,,"[10, 29, 64, 77]","[368, 325]",8
1147,Morredero - Portillinos y Peña Aguda-Llano De Las Ovejas por Ponferrada.,,,"[-6.055069,42.451794]","[-6.514539,42.448898]",43,176,2546,521,1949,,"[6, 32, 80]",[3723],7
7021,Morrón De Espuña-Collado Bermejo por Alhama de Murcia.,,,"[-1.873901,37.492565]","[-1.539463,37.861992]",49,157,1668,191,1547,,[33],[4591],6
9332,Picón Del Fraile y Lunada por Medina de Pomar y Espinosa de los Monteros.,,,"[-3.507419,42.934142]","[-3.642084,43.180695]",23,98,1442,576,1576,,"[34, 58]","[1337, 1274]",4
4222,El Yelmo por Santiago-Pontones.,,,"[-2.725869,38.247247]","[-2.637466,38.110885]",64,129,3509,721,1778,,[37],[3615],8
2513,Moncalvillo por Nájera.,,,"[-2.923907,42.566479]","[-2.612488,42.343689]",33,119,1683,429,1496,,[38],[4158],5
4034,Lagunas De Neila y Lagunas De Neila por Covaleda.,,,"[-2.763541,41.925845]","[-2.986523,42.128177]",56,134,2324,822,1864,,"[41, 89, 176]",[6259],6
1560,San Lorenzo y La Farrapona por Villablino y Teverga.,,,"[-6.2549,43.092808]","[-6.122492,43.15669]",47,117,3843,454,1713,,"[28, 42, 90, 430]","[3800, 5067]",8
2774,Azurki y Ixua por Azkoitia.,,,"[-2.462779,43.186947]","[-2.383,43.294933]",62,68,1541,13,679,,"[46, 281, 449, 1003]",[3165],4
382,El Boyar - Las Palomas y Las Palomas por Ronda y Olvera.,,,"[-5.413201,36.875963]","[-5.329667,36.800362]",64,88,2122,292,1174,,"[47, 119]","[4563, 1794, 1789]",5
6687,Collfred y Bracons por La Vall d'en Bas.,,,"[2.256315,42.127082]","[2.439988,42.130716]",70,74,1858,495,1305,,"[49, 101]",[2659],5
5537,San Glorio y Piedrasluengas por Potes y Velilla del Río Carrión.,,,"[-4.498618,42.865809]","[-4.724851,43.084869]",42,167,2118,331,1586,,"[50, 87]","[5832, 5223]",6
802,La Cubilla y Pajares por Lena.,,,"[-5.659714,42.941243]","[-5.913533,43.007108]",44,112,1948,362,1611,,"[51, 69, 689]",[5027],5
7231,Mondúver y Montdúver por València y Alzira.,,,"[-0.38679,39.44611]","[-0.33532,39.04384]",51,122,1187,0,832,,"[52, 424, 447, 1066]","[7257, 7024, 7073]",4
4504,Collao Espina y Lunada por Ramales de la Victoria y Espinosa de los Monteros.,,,"[-3.467357,43.255492]","[-3.655925,43.171362]",48,99,3056,58,1333,,"[53, 58, 61, 285]","[5834, 1274]",7
2516,Picón Blanco y El Cabrio por Zalla y Valle de Mena.,,,"[-2.971636,43.271806]","[-3.542082,43.129643]",38,152,2139,12,1514,,"[54, 314]","[7594, 1484, 1274]",6
3499,Trevélez por Dúrcal y Órgiva.,,,"[-3.59689,37.182318]","[-3.305722,36.906417]",80,190,2931,316,1526,,[55],"[2747, 2806]",8
5226,Mas De La Costa y El Colladico por Onda y Llucena.,,,"[-0.263892,39.968887]","[-0.294328,40.16032]",38,99,3399,139,980,,"[56, 773]","[1893, 1881]",7
4347,Lunada y Collado De Asón - La Sía por Espinosa de los Monteros.,,,"[-3.743744,43.345545]","[-3.578737,43.125442]",69,95,2240,35,1234,,"[58, 61, 285]",[1274],6
261,Maravio y Marabio por Oviedo y Grado.,,,"[-5.84859,43.358145]","[-6.13914,43.239102]",42,106,1533,61,1063,,"[60, 476]","[5039, 5020, 5067]",5
2294,Lunada y Collado De Asón - La Sía por Espinosa de los Monteros.,,,"[-3.743755,43.344127]","[-3.571267,43.153164]",62,96,2372,49,1313,,"[58, 61, 285]",[1274],6
6267,El Escudo por Reinosa.,,,"[-3.848887,42.972988]","[-4.319016,43.012913]",37,135,2098,827,1995,,[62],[5836],6
8410,Torcal De Antequera y La Joya por Málaga y Antequera.,,,"[-4.459712,36.720072]","[-4.520297,36.967194]",50,119,2569,53,1212,,"[63, 455]","[4547, 4495, 4491]",6
1802,Calar Alto y Venta Luisa - Calar Alto por Gérgal.,,,"[-2.53222,37.113908]","[-2.445343,37.265162]",77,113,3057,697,2160,,"[10, 29, 64, 77]",[325],7
2527,Cruz De La Demanda por Ezcaray.,,,"[-3.009449,42.327301]","[-3.019216,42.30764]",56,100,2700,808,1860,,[65],[4120],6
2446,Pajares y Millaró De La Tercia por La Robla.,,,"[-5.635786,42.821149]","[-5.737722,42.989377]",49,147,2491,970,1532,,"[69, 813, 843, 866, 937, 1062]",[3740],7
3858,San Rafael-Valdelinares y Peñarroya por Mora de Rubielos.,,,"[-0.568674,39.912022]","[-0.5588,40.33036]",60,188,3769,429,1930,,"[71, 1115]",[6704],9
2930,Samiño y Gorla por Azkoitia.,,,"[-2.308286,43.180093]","[-2.338441,43.099689]",33,48,1744,97,926,,"[75, 707]",[3165],4
7695,El Peñón por Puebla de Sanabria.,,,"[-6.190074,42.183424]","[-6.606892,42.122133]",46,118,1751,921,1846,,[76],[7763],5
713,Calar Alto y Velefique-Tetica De Bacares por Tíjola y Gérgal.,,,"[-2.439974,37.345602]","[-2.45027,37.182362]",61,133,3831,671,2163,,"[10, 15, 29, 64, 77]","[368, 325]",9
3987,Cruz De Linares y San Esteban De Las Cruces por Oviedo y Siero.,,,"[-5.68585,43.300432]","[-6.035405,43.263901]",24,99,1780,77,839,,"[78, 1071]","[5039, 5061, 5020]",5
8120,Foncebadón-Cruz De Ferro por Ponferrada.,,,"[-6.596166,42.547836]","[-6.309092,42.486199]",52,93,1369,490,1497,,[80],[3723],4
9678,Allanadas Del Santo por Jaén.,,,"[-3.808412,37.969913]","[-3.704567,37.737549]",16,81,1235,254,986,,[81],[3565],4
5906,Peña Cabarga y Cruz De Usaño por Ribamontán al Monte.,,,"[-3.681664,43.377604]","[-3.64828,43.29561]",44,85,2228,7,695,,"[82, 1034]",[5839],6
4154,Pajares y La Cobertoria por Lena y Teverga.,,,"[-5.829135,43.166285]","[-6.014051,43.036417]",43,164,4360,265,1577,,"[69, 84, 430, 689, 866]","[5027, 5067]",10
4546,El León y Boquete De Zafarraya por Málaga y Vélez-Málaga.,,,"[-4.421879,36.721093]","[-4.224329,37.010675]",80,135,2126,0,1113,,"[86, 198]","[4547, 4573, 4523]",6
5708,Piedrasluengas por Potes.,,,"[-4.625935,43.154997]","[-4.455935,43.084523]",49,81,1470,262,1354,,[87],[5832],4
8108,Turó De L´Home y Santa Fe Del Montseny por Sant Celoni.,,,"[2.478105,41.69525]","[2.341127,41.808342]",55,116,2920,176,1601,,"[18, 88, 130, 450]",[1065],7
2603,San Lorenzo y Somiedo por Villablino y Teverga.,,,"[-6.000381,42.971476]","[-6.219268,43.152716]",49,101,2349,482,1587,,"[28, 90, 430]","[3800, 5067]",6
7023,Serra Gelada por Benidorm.,,,"[-0.473053,38.445021]","[-0.068033,38.551717]",45,94,1567,5,426,,[91],[168],5
7507,La Borriqueta por Yeste y Nerpio.,,,"[-2.182406,38.423365]","[-2.348515,38.296985]",62,89,1704,614,1376,,[95],"[136, 105]",5
432,Iroite y Enxa por Boiro y Noia.,,,"[-8.894956,42.778232]","[-8.989603,42.598153]",49,102,2498,7,658,,"[96, 196]","[2143, 2189]",6
2049,Desierto Las Palmas-Monte Bartolo y Desierto De Las Palmas por Castelló de la Plana y Cabanes.,,,"[-0.042389,39.987635]","[0.021085,40.076935]",43,32,694,12,697,,"[97, 950]","[1853, 1846]",2
680,Xorret De Catí por Alicante y Castalla.,,,"[-0.484216,38.34589]","[-0.661928,38.555121]",51,80,1404,7,1058,,[99],"[151, 190, 139]",4
3627,Honduras y Piornal por Jaraíz de la Vera y Hervás.,,,"[-5.863033,40.272019]","[-5.772493,40.095388]",55,159,3517,423,1429,,"[100, 212]","[1650, 1642]",8
7859,Bracons por Vic y La Vall d'en Bas.,,,"[2.264136,41.93042]","[2.445875,42.106573]",74,100,1696,438,1126,,[101],"[1161, 2659]",5
7903,Xiabre por Pontevedra.,,,"[-8.759026,42.593221]","[-8.763814,42.507353]",39,96,1598,0,632,,[102],[5334],5
5402,Leitariegos por Cangas del Narcea y Villablino.,,,"[-6.490888,42.946192]","[-6.450696,43.055686]",51,100,1645,263,1431,,[104],"[5005, 3800]",5
2933,El León y La Mina por Málaga y Colmenar.,,,"[-4.348671,36.722022]","[-4.275375,36.867473]",43,76,2205,3,956,,"[86, 108, 109, 649]","[4547, 4523]",5
5035,El León y Santopitar por Málaga y Vélez-Málaga.,,,"[-4.415773,36.729704]","[-4.201723,36.835823]",52,95,2101,0,941,,"[86, 109, 649]","[4547, 4573]",5
5601,Presa de Sallente por Tremp.,,,"[0.986087,42.259372]","[0.990315,42.46659]",44,92,1787,500,1775,,[110],[4029],5
460,Golobar por Reinosa y Aguilar de Campoo.,,,"[-4.302887,42.787959]","[-4.238853,43.00763]",39,113,1703,855,1767,,[111],"[5836, 5076]",5
528,Vidré-Vistabella y Coll Del Vidre por València y Sagunto.,,,"[-0.207478,40.079379]","[-0.279037,40.294858]",74,210,3280,8,1441,,"[112, 631, 773]","[7257, 7227, 1893, 1881]",9
2653,Mijares y Pedro Bernardo por Casavieja y Burgohondo.,,,"[-4.694755,40.317474]","[-4.794651,40.403873]",49,127,2720,432,1575,,"[114, 665]","[428, 416]",7
5056,Navapelegrín y Navacerrada por Moralzarzal.,,,"[-4.018694,40.694362]","[-3.979519,40.872376]",42,70,2064,1013,1820,,"[116, 157]",[4389],5
6070,La Quesera y La Quesera por Riaza.,,,"[-3.481436,41.276097]","[-3.305526,41.110229]",62,82,1779,1151,1754,,"[117, 118, 498]",[6027],5
8364,La Quesera y La Quesera por Riaza.,,,"[-3.248938,41.002839]","[-3.329157,41.314094]",61,156,4469,943,1740,,"[117, 118, 498]",[6027],10
352,El Boyar - Las Palomas y Las Palomas por Grazalema.,,,"[-5.394815,36.844769]","[-5.473768,36.766795]",62,74,2048,260,1170,,"[47, 119]",[1789],5
8859,Pico Del Águila por Huesca.,,,"[-0.416222,42.14416]","[-0.402673,42.304896]",34,83,2038,440,1602,,[120],[3416],5
1282,Urkiola y Dima por Durango y Etxebarri.,,,"[-3.007159,43.292937]","[-2.645732,43.10406]",37,112,937,2,738,,"[121, 317, 414, 757]","[7525, 7527]",4
9137,Peñalba De Santiago por Ponferrada.,,,"[-6.670533,42.5769]","[-6.546559,42.434378]",29,61,932,484,1077,,[122],[3723],3
3927,Mirador De La Cabra Montés por Motril y Dúrcal.,,,"[-3.60206,37.18306]","[-3.689408,36.757152]",95,159,2296,9,1356,,[124],"[2800, 2747, 2806]",7
7636,Erlaitz-Castillo Del Inglés y Bianditz por Donostia y Irun.,,,"[-2.051858,43.272737]","[-1.847495,43.305639]",45,105,2126,2,722,,"[125, 202, 235, 257, 516]","[3217, 3193]",6
8331,Portalet y Somport por Jaca y Sabiñánigo.,,,"[-0.357282,42.505248]","[-0.425293,43.042813]",82,196,3569,327,1779,,"[129, 195]","[3421, 3465, 3470]",9
6723,Turó De L´Home y Santa Fe Del Montseny por Sant Celoni.,,,"[2.480206,41.684121]","[2.411562,41.813729]",53,103,2432,168,1670,,"[18, 88, 130, 450]",[1065],6
4115,Angliru y El Cordal por Lena.,,,"[-5.828918,43.166513]","[-5.935999,43.227801]",64,53,2242,299,1575,,"[0, 131]",[5027],5
1092,Collado De Asón - La Sía y Los Tornos por Ramales de la Victoria y Espinosa de los Monteros.,,,"[-3.598504,43.271221]","[-3.501214,43.081809]",52,82,1485,103,1270,,"[61, 132, 285]","[5834, 1274]",4
4584,El Madroño y Puerto Del Madroño por Ronda y Yunquera.,,,"[-4.881283,36.524354]","[-4.99606,36.790046]",44,139,2504,28,1126,,"[133, 569, 688, 700]","[4563, 4579]",7
1787,El Piélago y El Piélago por Casavieja.,,,"[-4.444208,40.301923]","[-4.748749,40.243909]",41,120,1904,445,1234,,"[134, 585]",[428],5
1915,El Fito por Cangas de Onís.,,,"[-5.128218,43.351]","[-5.171306,43.471016]",71,69,1056,0,590,,[135],[5006],3
5494,Peña Negra y Chía por Piedrahíta.,,,"[-5.322004,40.465496]","[-5.239472,40.359309]",77,74,1688,1030,1922,,"[136, 224]",[553],5
3219,Palombera por Torrelavega y Reinosa.,,,"[-4.140535,42.994693]","[-4.29363,43.006097]",49,115,1729,28,1990,,[137],"[5864, 5836, 5789]",5
5115,La Centenera y Nogal Del Barranco por Arenas de San Pedro.,,,"[-5.084594,40.210672]","[-5.087973,40.271355]",44,65,1842,512,1392,,"[139, 165, 633]",[392],5
5938,El Purche y La Alfaguara por Albolote.,,,"[-3.596702,37.182339]","[-3.468826,37.211933]",48,82,1810,676,1465,,"[72, 140, 714]",[2689],5
5904,Orduña por Amurrio.,,,"[-3.040122,43.075702]","[-3.029223,42.950267]",42,51,1475,206,908,,[143],[1],4
825,Colladiella y La Colladiella por Laviana y Lena.,,,"[-5.685197,43.166909]","[-5.618139,43.25735]",54,66,1223,237,847,,"[145, 463, 545, 719]","[5026, 5027]",4
7748,Campello-Portixol y Beneixama por Ontinyent y Villena.,,,"[-0.761482,38.629109]","[-0.723432,38.861487]",54,102,1453,325,988,,"[146, 918]","[7191, 274]",5
1315,Boí-Taüll y Presa De Cavallers por La Vall de Boí.,,,"[0.800887,42.503654]","[0.847683,42.57188]",50,69,1936,1098,2048,,"[147, 265, 269]",[3867],5
4574,Morcuera y Navacerrada por Moralzarzal y Soto del Real.,,,"[-3.86053,40.728269]","[-3.88189,40.876911]",79,87,1616,897,1848,,"[148, 157, 229]","[4389, 4438, 4416]",5
3508,Mirador De Ézaro y As Paxareiras por Carnota y Mazaricos.,,,"[-9.124665,42.911871]","[-9.103771,43.027664]",45,98,1754,60,575,,"[149, 537]","[2152, 2177]",5
943,Bagordi-Arrateketa y Aniz por Baztan.,,,"[-1.581152,43.111863]","[-1.552589,43.21773]",29,56,1251,182,675,,"[150, 396]",[4679],4
3128,Gaucín y El Espino por Estepona y Cortes de la Frontera.,,,"[-5.17067,36.431649]","[-5.214243,36.563985]",51,100,3111,36,1283,,"[151, 171, 488]","[4531, 4526]",7
231,Artesiaga y Aniz por Baztan y Esteribar.,,,"[-1.740441,43.086431]","[-1.515694,43.011675]",46,112,1933,0,777,,"[152, 396, 916]","[4679, 4727]",5
9153,Coto Redondo por Pontevedra.,,,"[-8.634007,42.435205]","[-8.669393,42.367977]",28,33,825,0,525,,[155],[5334],3
8339,Morcuera y Navacerrada por Rascafría.,,,"[-4.111566,40.935528]","[-3.764731,40.827549]",73,160,3111,1018,1858,,"[148, 157, 217, 229, 309]",[4416],8
4425,Lunada y Collado De Asón - La Sía por Espinosa de los Monteros.,,,"[-3.553741,43.079082]","[-3.667416,43.169903]",44,145,3445,181,1275,,"[58, 61, 132, 158, 278, 285, 522]",[1274],8
398,Abantos y Santa María De La Alameda por San Lorenzo de El Escorial.,,,"[-4.158632,40.53946]","[-4.222496,40.637589]",62,93,1968,823,1631,,"[159, 1019]",[4427],5
7,O Poio y Piedrafita por Ponferrada y Villafranca del Bierzo.,,,"[-6.598546,42.551448]","[-7.108343,42.706263]",37,122,2026,394,1342,,"[160, 321, 452]","[3723, 3805]",6
2809,Morredero - Portillinos y Peña Aguda-Llano De Las Ovejas por Ponferrada.,,,"[-6.608052,42.545959]","[-6.537501,42.335472]",42,132,2598,291,1860,,"[6, 32, 162]",[3723],7
2784,Cumbres Verdes por Albolote.,,,"[-3.618807,37.212203]","[-3.515474,37.072973]",30,61,910,654,1393,,[164],[2689],3
2841,Paso De Los Lobos-Peña De Francia y Peña De Francia por La Alberca.,,,"[-6.138633,40.526734]","[-6.260858,40.509275]",55,52,1011,955,1685,,"[166, 605]",[5370],3
8480,Cruz De La Demanda y Valdezcaray-Collado De Las Tres Cruces por Ezcaray.,,,"[-3.013452,42.328228]","[-3.025075,42.29236]",43,101,2634,804,1820,,"[65, 169]",[4120],6
4541,El Espino y Encinas Borrachas por Málaga y Ronda.,,,"[-4.464692,36.706843]","[-4.992644,36.787118]",49,141,2825,20,1063,,"[171, 426, 488, 688, 700]","[4547, 4563, 4518, 4526, 4579]",7
8365, El Vivero - Ganguren y San Pelayo por Gernika-Lumo y Bermeo.,,,"[-2.799234,43.433372]","[-2.92151,43.251434]",60,126,2536,0,413,,"[172, 327, 338, 606, 722, 927]","[7544, 7515, 7527, 7541]",7
8428,Herrera y Zaldiaran por Vitoria-Gasteiz.,,,"[-2.696112,42.840905]","[-2.675679,42.606861]",47,71,1367,523,1088,,"[173, 375]",[44],4
1525,Bikotx-Gane y Altube por Durango y Gernika-Lumo.,,,"[-2.730421,43.416023]","[-2.825488,42.957169]",30,174,2836,0,823,,"[174, 326, 353, 365, 791, 1042]","[7525, 7544, 7515, 1, 48]",8
8418,Las Viniegras por Covaleda.,,,"[-2.761847,41.909736]","[-2.885977,42.158405]",49,123,2096,846,1748,,[176],[6259],6
6936,Mendibil (Argalario) y Humaran por Zalla.,,,"[-3.0079,43.30912]","[-2.9738,43.25357]",35,78,1261,1,531,,"[181, 387, 619]",[7594],4
4659,Ancares y Sierra De Morela por Cervantes y Ibias.,,,"[-7.00423,42.9651]","[-6.82198,42.86791]",40,73,2579,295,1662,,"[3, 182, 233, 1109]","[4245, 5022]",6
8390,Almáchar y Alto De Moclinejo por Vélez-Málaga.,,,"[-3.876395,36.751728]","[-4.248358,36.793498]",53,90,1625,0,607,,"[185, 222]",[4573],5
4916,Javalambre y Javalambre (Pico) por Mora de Rubielos.,,,"[-0.753026,40.252399]","[-1.011825,40.121598]",45,82,1620,984,1937,,"[189, 475]",[6704],5
5867,Serrablo por Jaca y Sabiñánigo.,,,"[0.112441,42.033162]","[0.051612,42.446983]",83,162,1967,386,1342,,[193],"[3421, 3465, 3517]",6
8355,Portalet y Somport por Jaca y Sabiñánigo.,,,"[-0.357899,42.506023]","[-0.488988,43.05875]",69,199,3536,405,1798,,"[129, 195]","[3421, 3465, 3470]",9
4470,Iroite y Enxa por Noia y Carnota.,,,"[-9.084782,42.761316]","[-8.896153,42.719643]",21,102,1603,3,668,,"[96, 196]","[2189, 2152]",5
7627,Azurki y Endoia por Zarautz y Azkoitia.,,,"[-2.05204,43.272798]","[-2.327149,43.186725]",53,118,2885,1,686,,"[46, 197, 724]","[3227, 3165]",7
3501,Boquete De Zafarraya y El Sol por Loja y Albolote.,,,"[-3.631304,37.123611]","[-4.199029,36.949698]",90,205,2536,205,1087,,"[198, 258, 492, 826]","[2787, 2689, 2771, 2697]",8
7639,Bianditz y Jaizkibel por Donostia y Irun.,,,"[-2.051871,43.271953]","[-1.831075,43.369945]",59,72,1700,44,766,,"[202, 257]","[3217, 3193]",5
5866,Laguna Negra y Santa Inés por Covaleda.,,,"[-2.931547,41.954625]","[-2.787442,42.058797]",40,112,2240,1057,1739,,"[204, 682]",[6259],6
8382,El Mediano y Arrebatacapas por El Tiemblo.,,,"[-4.463549,40.461617]","[-4.537591,40.591875]",56,53,1208,788,1376,,"[205, 310]",[605],4
4391,Santa Marina por Oyón-Oion.,,,"[-2.463041,42.47065]","[-2.357692,42.252077]",34,93,1357,383,1254,,[206],[31],4
4749,Peñas Negras - La Asturiana y Peñas Negras por Zalla.,,,"[-2.927977,43.249677]","[-3.097438,43.292361]",62,73,1053,0,509,,"[207, 619]",[7594],4
8867,Andatzarrate-Iturriotz y Aia por Zarautz.,,,"[-2.148161,43.290499]","[-2.139061,43.20226]",33,46,895,0,581,,"[211, 812, 911]",[3227],3
3833,Piornal por Jaraíz de la Vera.,,,"[-5.755985,40.056633]","[-5.805357,40.127565]",38,67,1401,639,1419,,[212],[1650],4
3619,Honduras y Tornavacas por Hervás.,,,"[-5.864622,40.269531]","[-5.67037,40.269159]",41,93,2342,564,1422,,"[100, 213]",[1642],6
1521,Paresi y San Pelayo por Bermeo.,,,"[-2.728809,43.416939]","[-2.936204,43.367123]",38,81,1274,0,399,,"[214, 327, 722, 835]",[7515],4
8366,El Boyar - Las Palomas y Las Palomas por Grazalema.,,,"[-5.424817,36.876877]","[-5.379538,36.697183]",60,97,2083,258,1183,,"[47, 119, 215]",[1789],5
92,Morcuera y Navafría por Soto del Real y Rascafría.,,,"[-3.783587,40.754666]","[-3.815461,40.984953]",71,105,2257,923,1767,,"[148, 217]","[4438, 4416]",6
8435,Venta La Gloria por Málaga y Almogía.,,,"[-4.497173,36.759328]","[-4.50411,36.813281]",47,45,1292,49,449,,[219],"[4547, 4491]",4
2650,Cotefablo por Sabiñánigo.,,,"[-0.302676,42.620743]","[-0.065283,42.650051]",60,63,1687,944,1414,,[221],[3465],4
8425,Santopitar y Almáchar por Málaga.,,,"[-4.314326,36.714394]","[-4.247009,36.84877]",48,77,2799,3,865,,"[109, 185, 222]",[4547],6
6621,Peña Negra y Chía por Piedrahíta.,,,"[-5.055652,40.368559]","[-5.31427,40.445322]",48,93,2189,1025,1916,,"[136, 224]",[553],6
8957,Ubal por Ramales de la Victoria.,,,"[-3.448179,43.394822]","[-3.399656,43.209004]",32,77,3054,46,704,,[227],[5834],7
7116,Morcuera y Navacerrada por Moralzarzal y Soto del Real.,,,"[-3.781742,40.764983]","[-3.886257,40.853703]",63,89,1569,921,1819,,"[148, 157, 229]","[4389, 4438, 4416]",5
3449,Ermita De Los Tres Juanes por Albolote.,,,"[-3.606054,37.17062]","[-3.709678,37.212184]",32,39,390,565,898,,[230],[2689],2
7486,Peñón De Algámitas y Puerto Del Zamorano por Morón de la Frontera y Olvera.,,,"[-5.445407,37.12569]","[-5.171837,37.018507]",33,85,1504,191,781,,"[231, 754]","[6155, 1794, 6180]",4
3813,San Juan De La Peña por Jaca.,,,"[-0.552865,42.566383]","[-0.7715,42.554278]",42,102,1596,609,1229,,[232],[3421],5
4658,Ancares y Campa De Laviadas por A Fonsagrada y Cervantes.,,,"[-7.00459,42.96427]","[-6.84312,42.94482]",40,107,3962,274,1662,,"[3, 233, 1109]","[4251, 4245, 5022]",8
2719,Erlaitz-Castillo Del Inglés y Castillo Del Inglés por Donostia y Irun.,,,"[-2.004132,43.299647]","[-1.777005,43.33254]",41,70,1205,0,509,,"[125, 235, 257, 516]","[3217, 3193]",4
1590,Segura De La Sierra y El Bellotar por Siles.,,,"[-2.613152,38.517691]","[-2.636914,38.299335]",41,108,3420,666,1366,,"[236, 758]",[3595],8
3139,Ancares y O Portelo-Comeal por Villafranca del Bierzo y Ibias.,,,"[-6.7257,42.598795]","[-6.86084,42.906301]",34,172,3833,477,1652,,"[3, 237, 321, 335, 1109]","[3805, 5022]",9
7904,Marjana por Llíria.,,,"[-0.630266,39.568062]","[-0.875382,39.568416]",45,71,1213,0,765,,[238],[7154],4
2302,Puerto Camacho y Conjuros por Motril y Órgiva.,,,"[-3.514432,36.836017]","[-3.370816,36.790659]",77,86,2518,27,1131,,"[5, 239]","[2800, 2806]",6
4730,Uriondo por Etxebarri.,,,"[-2.933823,43.24995]","[-2.870009,43.178326]",38,41,838,5,388,,[240],[7527],3
4455,El Peñón y Laguna De Los Peces por Puebla de Sanabria.,,,"[-6.190693,42.187439]","[-6.716449,42.144903]",46,164,2377,923,1835,,"[76, 241]",[7763],7
7631,Azpirotz y Garate por Donostia y Zarautz.,,,"[-2.051779,43.271913]","[-1.937273,43.025743]",59,147,2114,44,865,,"[242, 367, 378, 394, 812, 911]","[3217, 3227, 3219]",6
2455,Las Albuñuelas por Dúrcal.,,,"[-3.631317,37.123513]","[-3.593806,36.92939]",92,68,920,524,883,,[244],[2747],3
2961,El Pontón - Panderrueda y Panderrueda por Cangas de Onís.,,,"[-5.137136,43.330571]","[-4.874927,43.118617]",40,160,2382,0,1561,,"[93, 245]",[5006],7
6342,Navalmoral y Arrebatacapas por El Tiemblo y Burgohondo.,,,"[-4.678285,40.64891]","[-4.479053,40.452754]",46,103,1688,718,1515,,"[246, 310, 346]","[605, 416]",5
3519,Las Erillas y Serranillos por Arenas de San Pedro.,,,"[-5.018725,40.25861]","[-4.939852,40.316306]",47,138,2577,407,1642,,"[247, 576]",[392],7
1772,Soplao. El y Carmona por Cabezón de la Sal.,,,"[-4.237654,43.309094]","[-4.455197,43.305636]",36,76,1739,35,596,,"[250, 288, 716]",[5789],5
3801,Arantzazu por Arrasate.,,,"[-2.426458,43.123297]","[-2.415719,42.990905]",41,49,673,140,776,,[251],[3203],3
5792,La Matanela y Trascampo por Reinosa y Corvera de Toranzo.,,,"[-3.96536,43.29967]","[-3.85087,43.041754]",43,120,1429,61,1012,,"[252, 1076]","[5836, 5803]",5
4253,Bel por La Sénia y Morella.,,,"[0.284229,40.633383]","[0.196179,40.613657]",19,145,3746,334,1156,,[254],"[6423, 1889]",9
7640,Bianditz y Jaizkibel por Donostia y Irun.,,,"[-2.051871,43.271953]","[-1.831075,43.369945]",58,132,2664,44,766,,"[202, 257]","[3217, 3193]",7
1520,Boquete De Zafarraya y El Sol por Loja y Albolote.,,,"[-3.631304,37.123611]","[-4.199029,36.949698]",76,205,2536,205,1087,,"[198, 258, 492, 826]","[2787, 2689, 2771, 2697]",8
1511,Pradell y Rasos De Peguera por Berga.,,,"[1.853864,42.107803]","[1.62104,42.259646]",60,123,3092,735,1849,,"[16, 27, 66, 260, 808]",[887],7
7139,El Hontanar y Collado Calderón por Ademuz.,,,"[-1.252886,39.955159]","[-1.275267,40.071012]",29,132,2068,668,1297,,"[263, 548, 861]",[7008],6
3251,Orduña y Peña Angulo por Etxebarri y Amurrio.,,,"[-2.872723,43.239217]","[-3.218733,42.981261]",37,124,1394,2,906,,"[143, 264]","[7527, 1, 1484]",5
1313,Boí-Taüll y Presa De Cavallers por La Vall de Boí.,,,"[0.800722,42.504408]","[0.857419,42.502369]",37,53,1539,1097,2042,,"[147, 265]",[3867],4
8394,La Aldea - Bernedo por Oyón-Oion y Campezo.,,,"[-2.448987,42.45805]","[-2.34777,42.606087]",52,64,1099,363,959,,[266],"[31, 12]",3
9189,Peña Ranero y La Escrita por Zalla.,,,"[-3.077679,43.178008]","[-3.384723,43.262226]",27,100,1528,62,493,,"[267, 377]",[7594],5
4389,Sancho Leza por Oyón-Oion.,,,"[-2.46094,42.471072]","[-2.637104,42.111195]",40,120,1311,385,1399,,[268],[31],5
7304,Boí-Taüll y Presa De Cavallers por La Vall de Boí.,,,"[0.847904,42.521031]","[0.907545,42.551268]",34,61,1861,1240,2059,,"[147, 265, 269]",[3867],5
4970,Castillo de San Julián y Cabo Tiñoso por Cartagena.,,,"[-0.96788,37.600028]","[-1.149623,37.552176]",25,88,1517,1,374,,"[274, 339]",[4599],4
765,Santa Teodosia y Urbasa por Altsasu y Agurain.,,,"[-2.172374,42.892549]","[-2.3001,42.769504]",47,86,1186,393,918,,"[276, 322, 596, 615, 776, 1095, 1105]","[4638, 36]",4
686,Collado De Asón - La Sía y Estacas De Trueba por Torrelavega y Espinosa de los Monteros.,,,"[-4.108215,43.361957]","[-3.5913,43.164278]",43,183,3231,12,1232,,"[61, 158, 278, 285, 1076]","[5864, 1274]",8
3147,Salinas De Léniz y Arlaban por Vitoria-Gasteiz y Donostia.,,,"[-2.685674,42.838232]","[-2.350078,43.125895]",48,145,2329,0,628,,"[279, 373, 386, 724, 856]","[44, 3217, 3203, 3219, 3165]",6
7646,Ixua y Arrate por Zarautz y Ondarroa.,,,"[-2.048195,43.27245]","[-2.49132,43.23518]",42,137,2169,0,762,,"[281, 449, 609, 1059]","[3227, 7571]",6
6441,Monrepós por Huesca y Sabiñánigo.,,,"[-0.37334,42.52053]","[-0.43631,42.31989]",32,58,898,456,1351,,[283],"[3416, 3465]",3
723,Castillo De Loarre por Huesca.,,,"[-0.575745,42.038486]","[-0.622334,42.307419]",36,112,1072,374,1077,,[284],[3416],4
1099,Collado De Asón - La Sía y La Sía por Ramales de la Victoria.,,,"[-3.601579,43.274492]","[-3.566295,43.174904]",54,65,1491,70,1289,,"[61, 285]",[5834],4
8407,Etxauri y Genbe por Pamplona y Irurtzun.,,,"[-1.642215,42.816523]","[-1.883129,42.838787]",51,105,1823,396,942,,"[286, 957]","[4830, 4897, 4888]",5
3736,La Mazorra y Gredilla De Sedano por Medina de Pomar.,,,"[-3.786547,42.970576]","[-3.672515,42.75056]",35,113,1522,573,1134,,"[287, 356]",[1337],5
7800,Carmona y Collado De Hoz por Cabezón de la Sal y San Vicente de la Barquera.,,,"[-4.23573,43.308033]","[-4.43152,43.106027]",48,222,3796,5,1248,,"[288, 681, 838, 1101]","[5789, 5857, 5832]",10
3744,Elgeta y Dima por Durango y Arrasate.,,,"[-2.422086,43.121672]","[-2.722052,43.107139]",42,96,1128,0,641,,"[290, 317, 638, 686, 712]","[7525, 3203]",4
6587,San Glorio y Dobres-Cucayo por Potes.,,,"[-4.682178,43.16721]","[-4.715402,43.087075]",32,94,2548,304,1670,,"[50, 291]",[5832],6
1854,Alto del Repetidor por Vitoria-Gasteiz y Medina de Pomar.,,,"[-2.682218,42.864345]","[-3.431096,42.854639]",27,170,1738,112,1065,,[294],"[44, 1337, 5803, 1360]",6
311,Salinas De Léniz y Barazar por Vitoria-Gasteiz y Arrasate.,,,"[-2.666009,42.852823]","[-2.530928,43.358356]",32,202,2063,0,639,,"[279, 295, 357, 373]","[44, 3203, 7544, 7515, 7571, 48]",7
4759,Moclín y Puerto Lope (Velillos) por Albolote y Íllora.,,,"[-3.596757,37.18226]","[-3.8358,37.32351]",91,93,969,555,1026,,"[296, 354, 912]","[2689, 2771, 2731]",4
8116,Portillo Del Busto y Portillo De Busto por Burgos y Oña.,,,"[-3.67595,42.365101]","[-3.279932,42.70396]",34,137,1353,586,990,,"[297, 1032]","[1224, 1360]",5
1103,Campo Layal (La Aparecida) y Campo Layal por Ramales de la Victoria.,,,"[-3.601564,43.274455]","[-3.469803,43.318373]",51,78,1398,0,434,,"[299, 821, 859, 1034]",[5834],4
176,Balneario De Cardó por Horta de Sant Joan.,,,"[0.654575,41.102811]","[0.430222,41.001498]",35,135,1948,10,540,,[300],[6450],6
2652,Honduras y Cabezabellosa por Hervás.,,,"[-6.032298,40.139828]","[-5.879242,40.229166]",51,97,1904,376,1433,,"[100, 301]",[1642],5
2730,Mendizorrotz y Garate por Donostia y Zarautz.,,,"[-1.971808,43.325347]","[-2.205085,43.297251]",52,65,817,0,325,,"[303, 367, 616]","[3217, 3227]",3
5980,Alcomba por Ramales de la Victoria.,,,"[-3.466645,43.255832]","[-3.44428,43.279116]",33,53,1212,51,631,,[305],[5834],4
9685,Sierra Salvada por Amurrio.,,,"[-3.132215,43.122481]","[-3.134342,43.047391]",15,36,807,183,709,,[306],[1],3
2923,Ebo y Margarida por Benirredrà.,,,"[-0.18003,38.96965]","[-0.30835,38.84521]",77,140,2426,2,693,,"[307, 973]",[7073],7
5889,Cerro Malacara por Albolote y Íllora.,,,"[-3.604648,37.161189]","[-3.828901,37.314423]",80,84,877,526,864,,[308],"[2689, 2771, 2731]",3
7128,Morcuera y Canencia por Soto del Real y Rascafría.,,,"[-3.784862,40.751584]","[-3.827619,40.933873]",75,81,1570,912,1778,,"[148, 309]","[4438, 4416]",4
387,Arrebatacapas por El Tiemblo.,,,"[-4.236993,40.502334]","[-4.496959,40.574339]",76,91,1327,663,1374,,[310],[605],4
9764,Asterrika y Natxitua por Gernika-Lumo y Bermeo.,,,"[-2.6818,43.30577]","[-2.45534,43.33017]",8,88,1532,3,237,,"[311, 357]","[7544, 7515]",4
6967,Aracena y Puerto De Cortegana por Aracena y Aroche.,,,"[-6.557213,37.887804]","[-6.776524,37.886953]",45,120,2523,397,880,,"[312, 677, 685]","[3243, 3244]",6
8724,Eleizalde (Rigoitia) y Rigoitia por Gernika-Lumo.,,,"[-2.976843,43.302901]","[-2.682539,43.309353]",36,92,1676,0,270,,"[313, 385, 526, 1084]",[7544],5
3270,Lunada y El Cabrio por Castro-Urdiales y Zalla.,,,"[-3.517805,43.422845]","[-3.554036,43.079271]",46,200,3227,4,1315,,"[58, 314]","[5797, 7594, 5786, 1484, 5839, 1274]",9
1292,El Tibidabo y Santa Creu D´Olorda por Barcelona.,,,"[2.176335,41.423687]","[2.082158,41.41048]",59,100,1021,0,474,,"[315, 323, 822]",[884],4
5422,Cruz De La Demanda y Pazuengos por Ezcaray.,,,"[-3.014005,42.327334]","[-3.083367,42.210472]",31,118,2474,705,1832,,"[65, 316]",[4120],6
182,Dima y Aretxabalgane por Durango y Etxebarri.,,,"[-2.893478,43.247639]","[-2.647263,43.114752]",65,111,1546,0,711,,"[317, 338, 353]","[7525, 7527]",5
2810,Piedrafita y Alto Do Couto por Villafranca del Bierzo.,,,"[-6.812365,42.602547]","[-7.068356,42.599848]",44,127,3324,407,1333,,"[321, 444]",[3805],8
7641,Urbasa y Lizarrusti por Tolosa y Altsasu.,,,"[-2.05188,43.272697]","[-2.135773,42.955392]",56,107,1666,8,961,,"[322, 1043]","[3219, 4638]",5
8149,El Tibidabo y Santa Creu D´Olorda por Barcelona.,,,"[2.086483,41.473505]","[2.11932,41.486258]",57,70,1253,77,455,,"[315, 323, 822]",[884],4
4981,Orduña y La Barrerilla por Amurrio y Zuia.,,,"[-2.819202,42.956123]","[-3.019452,42.958201]",38,65,1227,275,933,,"[143, 325, 326]","[1, 48]",4
5599,Orduña y Altube por Amurrio y Zuia.,,,"[-2.910109,42.803356]","[-3.025382,42.968928]",36,107,1536,244,905,,"[143, 326, 1100]","[1, 48]",5
3338,San Pelayo y San Pelaio por Gernika-Lumo y Bermeo.,,,"[-2.683899,43.304251]","[-2.799765,43.431816]",56,58,943,2,312,,"[327, 722]","[7544, 7515]",3
5694,La Granja y Las Muñecas por Castro-Urdiales y Zalla.,,,"[-3.020849,43.31702]","[-3.301497,43.353294]",39,112,1488,0,379,,"[329, 342, 510]","[5797, 7594]",5
9381,Santuario Del Brezo y Santuario Del Brezo por Velilla del Río Carrión.,,,"[-4.833145,42.850894]","[-4.733233,42.882871]",22,41,1858,1146,1690,,"[334, 875]",[5223],4
5491,Santa Olaja y Artieta por Valle de Mena.,,,"[-3.077349,43.178131]","[-3.168938,43.04446]",21,53,2001,112,660,,"[336, 393]",[1484],5
1820,Tárbena por Xaló.,,,"[0.059184,38.643785]","[0.033582,38.793969]",65,120,1805,0,625,,[337],[218],5
3252, El Vivero - Ganguren y Aretxabalgane por Etxebarri.,,,"[-2.872735,43.239203]","[-2.843824,43.359137]",39,66,1038,11,418,,"[172, 338, 606]",[7527],3
1641,Cabo Tiñoso por Cartagena.,,,"[-1.304368,37.562879]","[-1.151859,37.551808]",38,52,724,0,357,,[339],[4599],3
2515,Herrera y Rivas De Tereso por Campezo.,,,"[-2.795439,42.587757]","[-2.418841,42.667142]",42,122,2142,470,1104,,"[173, 340]",[12],6
3605,Sanantonzar y Basakabi/Alto De Ezkurra por Donostia y Tolosa.,,,"[-1.968247,43.266123]","[-1.884515,43.086336]",46,83,1124,30,710,,"[341, 394]","[3217, 3219]",4
7091,La Granja y Las Muñecas por Castro-Urdiales.,,,"[-3.154181,43.27377]","[-3.293624,43.354136]",37,59,1262,7,372,,"[329, 342]",[5797],4
7342,Leaburu por Tolosa.,,,"[-2.071357,43.141547]","[-2.08527,43.101491]",37,40,696,68,453,,[343],[3219],3
8426,Cerro San Cristóbal y Ciudad Encantada por Cuenca.,,,"[-2.141281,40.071888]","[-1.971558,40.222283]",48,86,2256,913,1424,,"[345, 860, 993]",[2295],6
2879,Arrebatacapas y El Boquerón por San Lorenzo de El Escorial y El Tiemblo.,,,"[-4.132649,40.585587]","[-4.51545,40.490681]",45,136,1719,681,1180,,"[310, 346]","[4427, 605]",5
7648,Mendizorrotz y Alkiza por Donostia y Tolosa.,,,"[-2.051771,43.27191]","[-2.157123,43.220475]",45,91,1707,43,502,,"[303, 347, 616, 812, 911]","[3217, 3219]",5
2336,Izpegi por Baztan.,,,"[-1.234654,43.167293]","[-1.38728,43.182343]",45,39,840,68,585,,[350],[4679],3
2008,El Cargadero y Alto De Vadillo por Covaleda.,,,"[-3.030672,41.795507]","[-2.942922,41.92339]",44,79,1310,966,1410,,"[352, 877]",[6259],4
8559,Elgeta y Muniketa por Durango y Gernika-Lumo.,,,"[-2.407591,43.119868]","[-2.644071,43.336548]",40,135,3060,0,474,,"[290, 353, 357]","[7525, 7544, 7571]",7
4761,Moclín y Puerto Lope (Velillos) por Albolote y Íllora.,,,"[-3.596758,37.182373]","[-3.817193,37.364488]",90,110,1245,548,1029,,"[296, 354, 912]","[2689, 2771, 2731]",4
8791,Natxitua por Bermeo y Ondarroa.,,,"[-2.350303,43.297675]","[-2.66995,43.411344]",35,97,1758,6,264,,[357],"[7515, 7571]",5
9720,San Pedro De Abrisketa y Arraiz por Etxebarri.,,,"[-2.931486,43.270881]","[-2.91013,43.218972]",13,35,2633,73,708,,"[358, 536, 848, 983]",[7527],5
8499,Hoyomenor por Bárcena de Cicero.,,,"[-3.320757,43.37984]","[-3.556096,43.369713]",42,71,1429,0,346,,[360],[5786],4
4964,Trabakua y Andikona por Durango.,,,"[-2.602305,43.145166]","[-2.553564,43.18322]",20,37,777,146,468,,"[328, 362, 1096]",[7525],3
3305,Azazeta y Opakua por Vitoria-Gasteiz y Agurain.,,,"[-2.660547,42.849606]","[-2.309675,42.764851]",46,83,999,584,1078,,"[364, 776, 1095]","[44, 36]",4
8057,Nª Sª De Oro por Vitoria-Gasteiz y Zuia.,,,"[-2.65137,42.854727]","[-2.825363,42.932107]",34,63,626,481,813,,[365],"[44, 48]",3
7629,Azpirotz y Garate por Donostia y Zarautz.,,,"[-2.051779,43.271913]","[-1.937273,43.025743]",56,128,1793,44,865,,"[242, 367, 378, 394, 812, 911]","[3217, 3227, 3219]",5
6940,Ro por Zalla y Valle de Mena.,,,"[-3.0079,43.30915]","[-3.25641,43.10678]",39,95,3978,0,554,,[368],"[7594, 1484]",8
4934,Aretxabalgane y Beci por Gernika-Lumo y Zalla.,,,"[-2.679202,43.324127]","[-3.132151,43.232689]",34,180,1810,0,624,,"[338, 371, 671, 927]","[7544, 7594]",6
1026,Salinas De Léniz y Arlaban por Vitoria-Gasteiz y Arrasate.,,,"[-2.507573,43.032902]","[-2.544056,42.820473]",43,88,1445,305,959,,"[279, 373]","[44, 3203, 12]",4
9561,Zollo por Etxebarri.,,,"[-2.895265,43.23688]","[-2.947267,43.213047]",18,40,1311,42,609,,[374],[7527],3
7522,Zaldiaran por Vitoria-Gasteiz.,,,"[-2.66831,42.840409]","[-2.780595,42.685253]",49,120,1660,464,827,,[375],[44],5
1618,La Escrita y Seña por Castro-Urdiales y Zalla.,,,"[-2.928705,43.249923]","[-3.441838,43.324627]",48,141,1659,2,434,,"[377, 381, 510]","[5797, 7594, 5834]",5
93,Salinas De Léniz y Arlaban por Vitoria-Gasteiz y Durango.,,,"[-2.665283,42.852926]","[-2.643399,43.150654]",36,106,1095,112,703,,"[279, 373, 379, 712]","[44, 7525, 3203]",4
8532,La Escrita y Seña por Castro-Urdiales y Ramales de la Victoria.,,,"[-3.220916,43.383697]","[-3.4282,43.268106]",41,98,1322,0,434,,"[377, 381]","[5797, 5834]",4
2769,Ermida por Ourense y Puebla de Sanabria.,,,"[-6.403786,42.031926]","[-7.184281,42.3368]",32,224,4256,225,1313,,[383],"[4956, 7763]",10
8866,Eleizalde (Rigoitia) y San Pelayo por Gernika-Lumo y Bermeo.,,,"[-2.87742,43.29314]","[-2.69637,43.39953]",33,90,1262,50,338,,"[313, 327, 338, 385, 526, 722]","[7544, 7515]",4
8287,Udana y Gabiria por Donostia y Arrasate.,,,"[-2.251774,43.292084]","[-2.346606,43.026673]",49,133,1610,48,573,,"[386, 397, 1059, 1065]","[3217, 3203, 3219, 3210]",5
8476,Humaran por Zalla.,,,"[-2.954905,43.260492]","[-3.135497,43.278341]",43,63,1528,5,257,,[387],[7594],4
6228,El Tibidabo y Vallençana por Barcelona.,,,"[2.029265,41.493163]","[2.155649,41.488205]",40,87,1372,89,584,,"[315, 388, 822]",[884],4
3409,Golobar y Valberzoso por Reinosa y Aguilar de Campoo.,,,"[-4.258431,42.798149]","[-4.367173,43.040403]",34,137,2579,843,1975,,"[111, 389]","[5836, 5076]",7
8384,El Cerro De San Pedro por Soto del Real y Torrelaguna.,,,"[-3.76953,40.670047]","[-3.658242,40.856604]",55,87,1366,713,1272,,[390],"[4438, 4445]",4
5366,Loiti por Pamplona.,,,"[-1.694285,42.804124]","[-1.276218,42.290337]",35,193,1390,191,852,,[391],[4830],6
9335,Pedroso por Santiago de Compostela.,,,"[-8.545,42.886839]","[-8.648665,42.952198]",23,38,725,79,460,,[392],[2209],3
7630,Azpirotz y Garate por Donostia y Zarautz.,,,"[-2.051779,43.271913]","[-1.937273,43.025743]",51,149,2658,44,865,,"[242, 367, 378, 394, 812, 911]","[3217, 3227, 3219]",7
6265,La Pedraja por Burgos y Ezcaray.,,,"[-3.658577,42.356278]","[-3.097762,42.318546]",36,154,1945,744,1246,,[395],"[1224, 4120]",6
8508,Artesiaga y Aniz por Pamplona y Baztan.,,,"[-1.607851,42.832007]","[-1.584883,42.962344]",41,183,3124,203,975,,"[152, 396, 916, 1080]","[4830, 4679, 4727]",8
7620,Gabiria y Atagoiti por Tolosa y Ormaiztegi.,,,"[-2.051717,43.271964]","[-2.331121,43.038252]",59,120,1490,53,650,,"[397, 1065]","[3219, 3210]",5
6454,Navasa por Jaca y Sabiñánigo.,,,"[-0.366217,42.521476]","[-0.488486,42.412669]",37,71,922,561,976,,[398],"[3421, 3465]",3
7995,Ro y El Carel por Valle de Mena.,,,"[-3.077648,43.177983]","[-3.314003,43.129715]",17,65,1316,81,558,,"[368, 400, 989]",[1484],4
3854,Pico Almadén por Jaén y Cambil.,,,"[-3.796789,37.777698]","[-3.528002,37.745496]",19,90,2245,397,2048,,[406],"[3565, 3536]",6
1298,Fonte Da Cova-Collada Trevinca y Fonte Da Cova por O Barco de Valdeorras.,,,"[-6.977403,42.4112]","[-6.680704,42.328888]",21,102,2628,322,1846,,"[17, 407]",[4910],6
7536,Ermita De Alba por Lena y Grado.,,,"[-5.97047,43.345391]","[-5.973704,43.173674]",27,66,1704,86,1248,,[411],"[5027, 5020, 5067]",4
872,Aretxabalgane y Muniketa por Durango y Gernika-Lumo.,,,"[-2.731228,43.219566]","[-2.77046,43.280746]",34,74,1129,69,453,,"[338, 353, 414, 1084]","[7525, 7544]",4
848,Casielles y La Colladiella por Laviana y Lena.,,,"[-5.685901,43.300346]","[-5.713468,43.214092]",41,45,888,197,848,,"[416, 463, 545]","[5026, 5027]",3
385,Oiz y Muniketa por Durango y Gernika-Lumo.,,,"[-2.660779,43.180545]","[-2.609977,43.236481]",35,72,1612,25,1021,,"[12, 353, 417, 1042, 1110]","[7525, 7544]",4
8493,Cruz De Barreiros y O Faro por Viveiro y Burela.,,,"[-7.259463,43.570925]","[-7.442359,43.679881]",42,125,3338,0,485,,"[418, 539, 630]","[4298, 4300]",8
5903,Mondúver y Montdúver por Alzira y Benirredrà.,,,"[-0.476014,39.190773]","[-0.276273,39.00175]",41,113,1689,0,794,,"[52, 424, 447]","[7024, 7073]",5
6199,El Espino y Encinas Borrachas por Ronda y Cortes de la Frontera.,,,"[-5.149798,36.727334]","[-5.332715,36.602521]",44,82,1975,398,1075,,"[171, 426, 488]","[4563, 4526]",5
3307,Arantzazu y Salinas De Léniz por Vitoria-Gasteiz y Arrasate.,,,"[-2.695288,42.85019]","[-2.409613,43.030209]",27,163,2512,192,827,,"[251, 279, 373, 386, 428, 883]","[44, 3203]",7
647,Font De L´Arbre y Tudons por Alicante y Benidorm.,,,"[-0.48477,38.344811]","[-0.278448,38.672128]",35,161,2485,0,1166,,"[429, 534, 626, 643, 644, 802, 956]","[151, 168, 220, 247]",7
8168,San Lorenzo y La Farrapona por Villablino y Teverga.,,,"[-6.096023,43.161663]","[-6.164039,43.095142]",42,137,3531,456,1719,,"[28, 42, 90, 430]","[3800, 5067]",8
5500,Fredes y Vistabella por Benicarló y La Sénia.,,,"[0.397126,40.36373]","[0.16938,40.683758]",42,133,1493,4,1107,,"[435, 942]","[1841, 6423]",5
6603,Sta. Mariña Do Monte por Ourense y Maceda.,,,"[-7.499814,42.211123]","[-7.654668,42.368847]",15,54,580,363,1605,,[436],"[4956, 4945]",3
5617,Pajares-Cuitu Negru y Pajares por Lena.,,,"[-5.827782,43.157794]","[-5.778499,42.970875]",38,64,1621,305,1796,,"[4, 69, 438]",[5027],4
4754,A Torre De San Bartolomeu y A Capela por Betanzos.,,,"[-8.209015,43.358337]","[-8.038399,43.369431]",58,72,1504,1,446,,"[439, 785]",[2141],4
8315,Puerto Camacho y Haza Del Lino por Motril y Órgiva.,,,"[-3.436523,36.904115]","[-3.304936,36.770714]",43,75,1568,0,1300,,"[5, 13, 440]","[2800, 2806, 2818]",4
7563,Uitzi y Basakabi/Alto De Ezkurra por Pamplona y Irurtzun.,,,"[-1.63666,42.827622]","[-1.798797,43.095235]",29,125,2145,343,1035,,"[378, 394, 441]","[4830, 4897]",6
9856,Usurbe y Mandubia por Ormaiztegi.,,,"[-2.208043,43.04794]","[-2.242752,43.064426]",16,50,1313,161,713,,"[442, 917]",[3210],4
8460,Coll D´Ares y Port D´Àger por Tremp.,,,"[0.808667,41.793948]","[0.744699,42.058337]",44,126,2406,219,1555,,"[446, 598]",[4029],6
2248,Mondúver y Montdúver por Benirredrà.,,,"[-0.184768,38.93378]","[-0.268975,39.010578]",38,45,902,14,805,,"[52, 424, 447]",[7073],3
1173,Cruz De Meira por Castro de Rei y Mondoñedo.,,,"[-7.29375,43.213601]","[-7.257381,43.382356]",33,66,1174,60,628,,[448],"[4243, 4263, 4280]",4
1076,Karabieta y Ixua por Arrasate.,,,"[-2.486425,43.06612]","[-2.463299,43.244557]",29,93,2277,39,739,,"[273, 281, 290, 379, 449, 480, 609, 992]",[3203],6
8378,Turó De L´Home y Coll De Santa Helena por Sant Celoni.,,,"[2.424246,41.540413]","[2.460028,41.760066]",58,115,2202,0,1595,,"[18, 450]",[1065],6
3434,Cáñar por Dúrcal y Órgiva.,,,"[-3.596713,37.182291]","[-3.429104,36.924899]",87,122,1719,466,1030,,[451],"[2747, 2806]",5
5997,La Joya por Málaga y Antequera.,,,"[-4.421847,36.720947]","[-4.52611,36.921266]",57,129,2348,10,891,,[455],"[4547, 4495, 4518, 4491]",6
7734,Peregrí por València y Alzira.,,,"[-0.357764,39.470842]","[-0.788229,39.132195]",60,184,2128,41,592,,[460],"[7257, 7024, 7183]",7
4489,Odiaga y Ozeka por Amurrio.,,,"[-2.94623,43.266284]","[-3.0722,43.076779]",13,77,695,1,502,,"[461, 717]",[1],3
2350,Colladiella y La Colladiella por Laviana y Lena.,,,"[-5.759089,43.17855]","[-5.611053,43.26297]",38,67,1939,238,842,,"[145, 463, 545, 719]","[5026, 5027]",5
3884,Ouviaña y Chao Da Serra por A Fonsagrada y Ibias.,,,"[-7.203645,43.201547]","[-6.96125,43.13379]",35,135,4059,220,1134,,"[469, 593, 746]","[4251, 5022]",10
4121,Puerto Camacho y Haza Del Lino por Órgiva y Polopos.,,,"[-3.474617,36.914317]","[-3.223032,36.869454]",50,94,2236,291,1288,,"[5, 13, 472]","[2806, 2818, 2716]",6
4797,Cástaras por Dúrcal y Órgiva.,,,"[-3.545769,36.951962]","[-3.219902,36.939012]",34,119,2996,328,1221,,[474],"[2747, 2806, 2716]",7
5513,Javalambre y Javalambre (Pico) por Mora de Rubielos.,,,"[-0.940194,40.219867]","[-0.78424,40.285917]",40,150,3175,924,2011,,"[189, 475, 541, 1115]",[6704],8
5916,Maravio y Marabio por Grado y Teverga.,,,"[-5.979287,43.342915]","[-6.133435,43.247314]",39,81,2180,77,1104,,"[60, 476]","[5020, 5067]",5
1091,Arredondas y As Cales De Bretoña por Castro de Rei y A Pontenova.,,,"[-7.396964,43.207505]","[-7.187484,43.444495]",34,112,2160,37,657,,"[482, 849]","[4243, 4280]",6
5201,Collfred y Coll De Jou por La Vall d'en Bas.,,,"[2.472296,42.183547]","[2.28601,42.216531]",54,132,2848,417,1598,,"[49, 484]",[2659],7
3117,Gaucín y El Espino por Estepona y Cortes de la Frontera.,,,"[-5.140254,36.426906]","[-5.233332,36.567002]",45,95,2367,0,1020,,"[151, 171, 488]","[4531, 4526]",6
5653,Tella por Aínsa-Sobrarbe.,,,"[0.150424,42.411761]","[0.168411,42.571342]",35,53,809,539,1318,,[491],[3517],3
8357,El Sol y Puerto Del Sol por Vélez-Málaga y Colmenar.,,,"[-4.125354,36.811239]","[-4.208935,36.966902]",64,78,1946,42,1088,,"[258, 492, 1104]","[4573, 4523]",5
7331,La Quesera y La Quesera por Riaza.,,,"[-3.249189,40.997607]","[-3.339589,41.314813]",50,157,3509,943,1741,,"[117, 118, 498]",[6027],8
5958,Puerto De Tíscar por Cazorla y Pozo Alcón.,,,"[-3.06844,37.842045]","[-2.979636,37.723813]",39,60,1160,455,1171,,[500],"[3544, 3584]",4
6920,Garita De Herbeira por Ferrol.,,,"[-8.227832,43.430016]","[-8.047061,43.655122]",34,78,1460,9,592,,[503],[2168],4
2765,Cerro Jabalcón por Pozo Alcón.,,,"[-2.934581,37.701319]","[-2.757808,37.515556]",48,160,2496,653,1475,,[504],[3584],7
9957,San Martín por Castro-Urdiales y Zalla.,,,"[-2.971272,43.276588]","[-3.322943,43.360611]",37,97,1264,12,322,,[510],"[5797, 7594]",4
1538,Tremuzo por Santiago de Compostela y Noia.,,,"[-8.651099,42.859758]","[-8.962484,42.820201]",17,94,1856,0,465,,[511],"[2209, 2189, 2208, 2177]",5
885,Andarraso y Cueto Rosales por León y La Robla.,,,"[-5.583101,42.61124]","[-6.044391,42.788298]",32,184,2300,846,1524,,"[513, 546, 1074]","[3698, 3740]",7
3641,Erlaitz-Castillo Del Inglés y Castillo Del Inglés por Donostia y Irun.,,,"[-1.807539,43.359582]","[-1.983322,43.315574]",40,72,1211,0,502,,"[125, 235, 257, 516]","[3217, 3193]",4
1280,Orduña y Peña Angulo por Amurrio y Valle de Mena.,,,"[-2.996842,43.301026]","[-3.047684,42.924479]",30,131,1665,47,954,,"[143, 264, 517]","[1, 1484]",5
586,Collado De Jinquer y Collado De Cuatro Caminos por Onda.,,,"[-0.444571,39.912557]","[-0.351779,39.982001]",62,51,1136,207,821,,"[523, 945]",[1893],3
2724,Mendizorrotz y Etumeta por Donostia.,,,"[-2.005568,43.30486]","[-2.056598,43.267099]",29,62,1245,8,446,,"[303, 525]",[3217],4
8863,Eleizalde (Rigoitia) y Muniketa por Durango y Gernika-Lumo.,,,"[-2.731217,43.218794]","[-2.690986,43.310091]",33,69,951,13,376,,"[313, 353, 385, 414, 526, 1042, 1084]","[7525, 7544]",3
2090,Cristo Do Fiouco por Castro de Rei y Mondoñedo.,,,"[-7.397086,43.207586]","[-7.356693,43.426141]",34,73,1283,113,676,,[528],"[4243, 4263]",4
2478,Garbí por València y Sagunto.,,,"[-0.370478,39.498055]","[-0.370335,39.705103]",96,69,787,12,589,,[533],"[7257, 7227]",3
653,Tudons y Puerto De Benifallim por Alcoy y Relleu.,,,"[-0.416968,38.603193]","[-0.322681,38.645868]",60,74,1749,278,1026,,"[534, 802, 956]","[146, 247]",5
3195,Formigal por Sallent de Gállego.,,,"[-0.301172,42.720457]","[-0.338291,42.763096]",47,40,1069,1080,1520,,[535],[3470],3
944,Mirador De Ézaro y As Paxareiras por Santa Comba y Carnota.,,,"[-8.904218,43.169496]","[-9.106737,42.918966]",27,117,1660,0,474,,"[149, 537]","[2208, 2152, 2177]",5
1243,O Faro por Viveiro y Burela.,,,"[-7.3896,43.544968]","[-7.574962,43.658419]",53,86,1658,1,484,,[539],"[4298, 4300]",5
4919,Javalambre y Javalambre (Pico) por Mora de Rubielos.,,,"[-0.760446,40.247629]","[-1.020406,40.113605]",26,84,1470,934,2001,,"[189, 475, 541]",[6704],4
3381,Las Quintanas por Gijón y Oviedo.,,,"[-5.644741,43.539667]","[-5.723586,43.386319]",40,44,1062,0,632,,[542],"[5018, 5039, 5061]",3
4485,Colladiella y La Colladiella por Oviedo y Siero.,,,"[-5.810296,43.401436]","[-5.651054,43.231321]",35,87,2360,141,853,,"[145, 463, 545, 1056, 1071]","[5039, 5061, 5026, 5027]",6
4179,Cueto Rosales y Olleros De Alba por La Robla.,,,"[-5.63283,42.674425]","[-6.031109,42.779633]",31,116,1736,883,1537,,"[546, 1074]",[3740],5
4195,Collado Calderón por Ademuz.,,,"[-1.13818,39.92246]","[-1.2404,40.05622]",62,77,1448,668,1308,,[548],[7008],4
8495,Alto De Encajacabras y Collado De La Traviesa por Villacarrillo y Beas de Segura.,,,"[-3.005343,38.163823]","[-2.897695,38.078921]",42,98,2383,437,1377,,"[551, 752]","[3606, 3531]",6
9410,Calar Alto y Venta Luisa - Calar Alto por Tíjola.,,,"[-2.304858,37.36469]","[-2.693236,37.238361]",21,143,4619,469,2159,,"[10, 29, 64, 77, 554]",[368],10
4982,Txibiarte y Lekamaña por Amurrio y Zuia.,,,"[-2.819459,42.956963]","[-3.044361,42.971066]",25,71,1485,307,997,,"[556, 781]","[1, 48]",4
1444,Tárbena y Coll De La Garga por Benidorm y Xaló.,,,"[-0.13356,38.548065]","[-0.103985,38.779292]",44,122,2355,34,943,,"[337, 565]","[168, 218]",6
6385,El Madroño y Puerto Del Madroño por Ronda.,,,"[-4.989079,36.492035]","[-5.125406,36.622876]",39,85,2444,33,1081,,"[133, 569]",[4563],6
3070,Tella y Bestué por Aínsa-Sobrarbe.,,,"[0.143931,42.499141]","[0.1447,42.524687]",16,63,1702,555,1301,,"[491, 570]",[3517],4
9256,Garate y Urdaneta por Zarautz.,,,"[-2.164363,43.286564]","[-2.177993,43.2824]",26,44,1239,0,355,,"[367, 573]",[3227],3
2088,Louseiras-Montouto por Castro de Rei y Mondoñedo.,,,"[-7.39671,43.20744]","[-7.386952,43.364484]",9,63,907,407,742,,[575],"[4243, 4263]",3
7830,Serranillos por Arenas de San Pedro y Burgohondo.,,,"[-5.023343,40.390973]","[-4.921506,40.327808]",46,94,1832,648,1570,,[576],"[392, 416]",5
1157,Xiabre y Monte Do Seixo por Santiago de Compostela y Padrón.,,,"[-8.517523,42.893679]","[-8.718384,42.637498]",21,110,1376,19,666,,"[102, 578]","[2209, 2196]",5
7569,Iznatoraf por Úbeda y Villacarrillo.,,,"[-3.36997,38.01871]","[-3.033254,38.154608]",23,76,992,646,1037,,[579],"[3603, 3606]",3
10433,A Muria por Castro de Rei y A Pontenova.,,,"[-7.107114,43.360013]","[-7.332228,43.259527]",19,79,1332,80,605,,[583],"[4243, 4280]",4
9479,Piocorto por Viveiro.,,,"[-7.598449,43.656152]","[-7.676208,43.503326]",20,54,1317,0,705,,[584],[4298],4
2953,Mijares y El Piélago por Casavieja.,,,"[-4.750262,40.231151]","[-4.841434,40.276721]",40,105,2169,436,1574,,"[114, 134, 585]",[428],6
1158,Costiña De Canedo por Ourense.,,,"[-8.13914,42.296686]","[-7.911366,42.351403]",30,92,1959,22,456,,[587],[4956],5
8492,Xodos y Coll Del Vidre por Cabanes y Albocàsser.,,,"[0.152528,40.107101]","[-0.279352,40.266773]",42,187,3348,0,1080,,"[588, 631, 798, 959]","[1846, 1819]",9
3253,Aretxabalgane y Sollube por Gernika-Lumo y Bermeo.,,,"[-2.863598,43.232925]","[-2.756706,43.395445]",25,95,1538,9,670,,"[338, 589]","[7544, 7515, 7527]",5
9741,Paxareiras por Betanzos y Aranga.,,,"[-8.052142,43.210837]","[-8.126214,43.232916]",9,67,942,167,593,,[592],"[2141, 2135]",3
4657,Ouviaña y Chao Da Serra por A Fonsagrada y A Pontenova.,,,"[-7.06811,43.12601]","[-7.17754,43.30983]",35,117,3145,91,1047,,"[469, 593]","[4251, 4280]",7
1117,Eulate y Opakua por Valle de Yerri.,,,"[-2.10989,42.77131]","[-2.3135,42.7945]",58,49,1097,516,1027,,"[596, 776]",[4888],3
8411,Port D´Àger por Tremp.,,,"[0.882896,42.06905]","[0.888846,42.040904]",50,98,1878,347,953,,[598],[4029],5
3543,Coll De La Safor y Simat por Alzira y Benirredrà.,,,"[-0.475665,39.19247]","[-0.138414,38.913447]",31,117,1129,0,379,,"[599, 1066]","[7024, 7073]",4
650,Tibi por Villena y Castalla.,,,"[-0.506406,38.53626]","[-0.76964,38.634758]",78,106,1721,259,955,,[601],"[274, 190, 220]",5
1741,El Cerro por Hervás.,,,"[-5.751941,40.388916]","[-5.949155,40.3261]",38,82,1354,421,1311,,[603],[1642],4
3895,Paso De Los Lobos-Peña De Francia y Peña De Francia por La Alberca.,,,"[-6.11092,40.490843]","[-6.064382,40.523566]",46,70,1644,536,1727,,"[166, 605, 733, 855]",[5370],4
6933,El Vivero por Etxebarri.,,,"[-3.007872,43.309246]","[-2.88835,43.292439]",44,67,699,0,412,,[606],[7527],3
8997,Ixua y Muniketa por Durango y Arrasate.,,,"[-2.643652,43.177391]","[-2.497306,43.26718]",31,177,3604,0,701,,"[281, 353, 379, 382, 609, 712]","[7525, 3203, 7544, 7515]",9
403,Tentudía y Monasterio De Tentudía por Monesterio y Santa Olalla del Cala.,,,"[-6.230076,37.908054]","[-6.356207,38.0457]",50,94,1535,475,1098,,"[614, 628]","[718, 3305]",5
761,Etxauri y San Salvador por Altsasu y Irurtzun.,,,"[-2.163117,42.891573]","[-1.779919,42.813723]",41,137,2143,335,1126,,"[286, 615, 1054]","[4638, 4897, 4888]",6
2722,Mendizorrotz y Igeldo por Donostia y Zarautz.,,,"[-2.011082,43.308186]","[-2.151589,43.232037]",40,68,948,2,434,,"[303, 616, 812, 911]","[3217, 3227]",3
8351,Urkiaga por Pamplona y Baztan.,,,"[-1.607906,42.815084]","[-1.371584,43.058672]",71,109,2041,407,1195,,[617],"[4830, 4679, 4727]",6
1816,Ebo y Tárbena por Xaló.,,,"[-0.120295,38.651115]","[-0.262206,38.793956]",65,120,2918,74,952,,"[307, 337, 626, 643, 1053]",[218],7
419,Tentudía y Monasterio De Tentudía por Monesterio y Fuentes de León.,,,"[-6.223216,37.906788]","[-6.366708,38.048643]",49,99,1540,476,1108,,"[614, 628]","[718, 688, 3305]",5
8889,O Porto por Burela.,,,"[-7.362113,43.6653]","[-7.33981,43.577675]",33,43,1206,61,492,,[630],[4300],3
527,Vidré-Vistabella y Coll Del Vidre por Llucena.,,,"[-0.207876,40.079223]","[-0.406594,40.296472]",45,124,2801,217,1404,,"[112, 631, 773]",[1881],7
1898,Nogal Del Barranco y Plataforma Del Nogal Del Barranco por Arenas de San Pedro.,,,"[-5.238142,40.156247]","[-5.094742,40.241943]",33,73,1289,326,1097,,"[165, 633]",[392],4
7196,Refugio De Lizara por Jaca.,,,"[-0.544257,42.566855]","[-0.631673,42.749526]",60,90,1922,815,1519,,[634],[3421],5
2117,Puerto De Las Palomas por Villacarrillo y Cazorla.,,,"[-3.006636,37.915125]","[-2.786087,38.157603]",42,128,1612,384,1224,,[636],"[3606, 3544, 3531]",5
8665,Pozazal por Reinosa y Aguilar de Campoo.,,,"[-4.303383,42.934615]","[-4.198409,43.014747]",37,112,1524,910,2065,,[637],"[5836, 5076]",5
3311,Salinas De Léniz y Arlaban por Vitoria-Gasteiz y Arrasate.,,,"[-2.660573,42.849487]","[-2.516502,43.076733]",41,81,966,263,740,,"[279, 373, 638, 686, 883]","[44, 3203]",4
8189,O Xalo por Arteixo.,,,"[-8.408076,43.363497]","[-8.390993,43.231376]",30,63,1503,0,509,,[640],[2137],4
7065,Cotefablo y Fanlo por Sabiñánigo y Aínsa-Sobrarbe.,,,"[0.143761,42.498983]","[-0.122778,42.60446]",57,83,2169,604,1399,,"[221, 642]","[3465, 3517]",5
629,Confrides y Benimantell por Alicante y Benidorm.,,,"[-0.484123,38.346083]","[-0.214596,38.676343]",60,171,3122,14,1025,,"[626, 643, 644]","[151, 168, 146, 220]",8
5002,Coves De Canelobre y Puerto De Benifallim por Alcoy y Jijona.,,,"[-0.471899,38.445531]","[-0.358131,38.675365]",57,113,2264,93,1003,,"[644, 802, 956]","[146, 220, 247]",6
8379,El León y Puerto De El Colmenar por Málaga y Antequera.,,,"[-4.479326,36.720642]","[-4.482673,36.942338]",57,99,2616,17,956,,"[86, 649]","[4547, 4495, 4491, 4523]",6
9114,"Parador Nacional ""El Adelantado"" por Cazorla.",,,"[-3.00191,37.918653]","[-2.975648,37.83867]",29,44,1596,787,1578,,[651],[3544],4
757,Gabiria y San Salvador por Altsasu y Ormaiztegi.,,,"[-2.172259,42.895481]","[-2.226372,43.07502]",36,120,2311,141,663,,"[397, 615, 656, 731, 823, 873, 917, 1043]","[4638, 3210]",6
2450,Piedrasluengas y Carmona por Cabezón de la Sal y San Vicente de la Barquera.,,,"[-4.285052,43.376923]","[-4.573241,43.111127]",36,214,3523,0,1354,,"[87, 288, 657, 838, 1101]","[5789, 5857, 5832, 5042]",9
7766,Valle Del Sol por Burgos.,,,"[-3.678992,42.355749]","[-3.29965,42.200929]",32,106,905,856,1482,,[658],[1224],4
6966,Aracena y Cortegana por Aracena y Aroche.,,,"[-6.56853,37.897616]","[-6.649555,37.903056]",34,117,2237,351,795,,"[312, 659, 677, 976]","[3243, 3244, 688]",6
429,O Castrove por Pontevedra.,,,"[-8.660191,42.435833]","[-8.687576,42.476649]",33,32,835,39,618,,[661],[5334],3
6994,Mijares y Pedro Bernardo por Burgohondo.,,,"[-4.787089,40.413027]","[-4.904523,40.234859]",48,97,2124,446,1567,,"[114, 665]",[416],6
8422,Campello-Portixol y Ermita De Sant Esteve por Alcoy y Ontinyent.,,,"[-0.719056,38.629685]","[-0.668852,38.843905]",49,149,4235,328,1197,,"[146, 667, 918]","[146, 7191, 274, 190]",10
3901,Portillo De Las Batuecas y Paso De Los Lobos-Peña De Francia por La Alberca.,,,"[-6.110981,40.494206]","[-6.114215,40.464446]",42,81,1891,422,1688,,"[127, 166, 605, 668]",[5370],5
4926,San Rafael-Valdelinares y Nogueruelas por Mora de Rubielos.,,,"[-0.752917,40.252303]","[-0.568219,40.350348]",59,85,1835,984,2017,,"[71, 669, 1115]",[6704],5
5299,Luintra-Nogueira De Ramuin por Ourense y Maceda.,,,"[-7.86565,42.35685]","[-7.627117,42.374883]",77,92,1663,100,952,,[670],"[4956, 4945]",5
8604,Aretxabalgane y Elorrieta por Etxebarri y Gorliz.,,,"[-2.939965,43.268212]","[-2.866111,43.284838]",39,113,1558,0,331,,"[338, 671]","[7527, 7541]",5
10057,Costa Do Vieiro y Monte Penedo Do Boi por Aranga y Xermade.,,,"[-7.89473,43.18217]","[-7.89746,43.35987]",29,105,2274,246,661,,"[672, 695]","[2135, 4254]",6
3172,O Carazo-Igrexafeita por Ferrol.,,,"[-8.223489,43.4912]","[-8.040878,43.498799]",42,48,560,9,361,,[673],[2168],2
6992,Puerto Viejo y Villamiel por Valverde del Fresno.,,,"[-6.726785,40.287198]","[-6.882658,40.222746]",32,65,1156,452,1091,,"[674, 827]",[1751],4
4388,Sancho Leza y Piqueras por Oyón-Oion.,,,"[-2.444042,42.458174]","[-2.57329,42.115531]",27,115,1854,377,1402,,"[268, 676]",[31],5
6971,Aracena y Puerto De Cortegana por Aracena y Aroche.,,,"[-6.445335,37.833074]","[-6.727811,37.904491]",32,210,3863,335,782,,"[312, 677, 976]","[3243, 3244, 688]",10
8827,Portillo Boca Del Álamo por Jaén y Martos.,,,"[-3.975467,37.724329]","[-3.891497,37.561553]",34,85,2046,553,1185,,[678],"[3565, 3575]",5
7169,Ermita De Santa Llúcia por Alcalà de Xivert.,,,"[0.271138,40.234014]","[0.280495,40.250962]",35,36,1079,0,354,,[679],[1820],3
8523,Collado De Hoz y Campo La Cruz por Potes.,,,"[-4.626264,43.154173]","[-4.364859,43.171637]",41,109,2173,108,1238,,"[681, 838]",[5832],6
203,Puerto De Alájar y Santa Ana La Real por Aracena y Fuentes de León.,,,"[-6.556063,37.889565]","[-6.729858,38.022899]",45,101,1592,321,836,,"[685, 976]","[3243, 688]",5
3310,Arlaban y Krutzeta por Vitoria-Gasteiz y Arrasate.,,,"[-2.660555,42.849483]","[-2.524886,43.04187]",41,96,1105,237,761,,"[373, 686, 961]","[44, 3203, 48]",4
8396,Puerto Del Viento y Puerto De La Calerilla por Ronda y Olvera.,,,"[-5.297084,36.812034]","[-5.014777,36.915433]",52,156,3577,399,1047,,"[688, 974]","[4563, 1794, 1789]",9
3988,La Cubilla y Pajares por Lena.,,,"[-5.818465,43.106472]","[-5.884367,42.900494]",42,112,2472,433,1748,,"[51, 69, 689]",[5027],6
8626,Formigal y Baños De Panticosa por Sallent de Gállego.,,,"[-0.313335,42.735727]","[-0.249552,42.741469]",38,87,2415,1057,1787,,"[535, 692]",[3470],6
10044,O Xalo y Santa Locaia por Arteixo.,,,"[-8.509551,43.300516]","[-8.404336,43.19136]",26,70,2280,3,474,,"[640, 693, 846]",[2137],5
2065,Los Álamos por Cartagena.,,,"[-1.265903,37.562335]","[-1.112761,37.612988]",37,79,1302,0,325,,[694],[4599],4
10055,Costa Do Vieiro y Monte Penedo Do Boi por Ferrol y Betanzos.,,,"[-8.211422,43.492722]","[-7.996749,43.237046]",10,128,2122,12,623,,"[672, 695]","[2168, 2141, 2135]",6
4252,Torre Miró por La Sénia y Morella.,,,"[0.286559,40.633212]","[-0.069432,40.659918]",41,111,1991,343,1261,,[696],"[6423, 1889]",5
8917,Muniketa y Natxitua por Durango y Zarautz.,,,"[-2.642798,43.177892]","[-2.418933,43.320043]",32,195,4774,0,413,,"[353, 357, 699, 782, 1042, 1059]","[7525, 3227, 7544, 7515, 3165, 7571]",10
5998,Puerto De Las Abejas y Puerto Martínez por Málaga y Cártama.,,,"[-4.421954,36.721119]","[-4.922905,36.738437]",57,140,1964,11,812,,"[700, 951]","[4547, 4518, 4579]",6
9089,Puerto Del Aire por Antequera.,,,"[-4.568084,37.022937]","[-4.574251,36.979887]",30,31,532,416,746,,[703],[4495],2
5788,Perdón-Erreniega y Perdón por Puente la Reina.,,,"[-1.814725,42.671431]","[-1.69734,42.731776]",26,34,748,344,1033,,"[704, 988]",[4835],3
9467,Xodos y Remolcador por Castelló de la Plana y Llucena.,,,"[-0.108416,39.948498]","[-0.259152,40.234321]",20,128,2553,53,1065,,"[588, 710]","[1853, 1881]",7
7597,Salinas De Léniz y Arlaban por Vitoria-Gasteiz y Durango.,,,"[-2.681978,42.867103]","[-2.56382,43.128145]",32,109,1510,114,708,,"[279, 373, 379, 712]","[44, 7525, 3203]",5
5760,Puerto Lobo y Blancares por Guadix.,,,"[-3.596678,37.18232]","[-3.192716,37.315234]",91,128,2132,669,1301,,"[714, 1030]",[2761],6
8335,Santuari Del Far por Vic y La Vall d'en Bas.,,,"[2.286948,41.87122]","[2.53648,42.021362]",79,145,2999,428,1115,,[715],"[1161, 2659]",7
2347,Piedrasluengas y Soplao. El por Torrelavega y Cabezón de la Sal.,,,"[-4.107972,43.361707]","[-4.452242,43.04759]",35,169,3081,26,1349,,"[87, 250, 288, 716]","[5864, 5789]",8
6244,Ozeka por Amurrio y Valle de Mena.,,,"[-2.997809,43.302738]","[-3.111844,43.074012]",29,100,1171,2,594,,[717],"[1, 1484]",4
5609,El Navaliegu por Laviana y Lena.,,,"[-5.80614,43.128132]","[-5.222314,43.110023]",39,176,2507,253,1609,,[719],"[5026, 5027, 5009]",7
8119,Paresi y San Pelayo por Bermeo.,,,"[-2.811854,43.430061]","[-2.720904,43.360479]",29,49,1078,2,402,,"[214, 327, 722]",[7515],3
8244,Bidania y Regil por Zarautz y Tolosa.,,,"[-2.168132,43.279682]","[-2.164289,43.161829]",60,74,1362,51,599,,"[724, 856]","[3227, 3219, 3165]",4
3502,La Casilla por Gijón y Villaviciosa.,,,"[-5.666315,43.540234]","[-5.489981,43.469249]",69,75,1322,0,438,,[726],"[5018, 5071]",4
533,Serratella por Alcalà de Xivert y Albocàsser.,,,"[0.276779,40.244003]","[0.049333,40.343022]",32,88,1480,0,832,,[728],"[1820, 1819]",4
8695,Collado De Los Yesos y Collado De Los Jardines por Jaén y Cambil.,,,"[-3.730781,37.776708]","[-3.351007,37.750993]",37,112,1939,392,1168,,"[729, 999]","[3565, 3536]",5
5765,Peña Negra y Plataforma De Gredos por Piedrahíta.,,,"[-5.323265,40.465033]","[-5.231019,40.278983]",37,89,2118,1060,1879,,"[136, 730]",[553],5
7658,Aseginolaza y Urkillaga por Tolosa y Altsasu.,,,"[-2.051737,43.272115]","[-2.084053,42.895793]",57,156,1266,48,728,,"[731, 873, 1043]","[3219, 4638, 3210]",5
3771,Jaizkibel y Agiña por Donostia y Irun.,,,"[-1.78901,43.339403]","[-1.808018,43.272188]",54,74,1374,0,545,,"[257, 732, 842]","[3217, 3193]",4
10155,Monte De Ancos por Ferrol.,,,"[-8.187603,43.43909]","[-8.140262,43.507003]",8,37,911,2,332,,[737],[2168],3
1302,Culou por Noia.,,,"[-9.020446,42.700842]","[-8.803896,42.802191]",21,58,927,0,510,,[740],[2189],3
5588,O Faro y O Cristo De Portapena por Ferrol y Viveiro.,,,"[-8.222801,43.431263]","[-7.734864,43.43715]",32,103,1867,0,716,,"[539, 742, 785]","[2168, 4298, 4254]",5
9139,Cruz De Soto por Riaza.,,,"[-3.688526,41.136285]","[-3.553531,41.4493]",29,182,2480,916,1310,,[745],[6027],7
4662,Miñide y Campa San Juan por Cangas del Narcea y A Fonsagrada.,,,"[-7.06742,43.12598]","[-6.80461,43.14465]",41,127,4089,208,1136,,"[746, 829]","[5005, 4251, 5022]",10
2687,A Áspera por Aranga y Xermade.,,,"[-7.853484,43.448777]","[-8.032678,43.304728]",21,112,2281,11,756,,[747],"[2135, 4254]",6
9322,Pena Da Agrela por Santiago de Compostela y Padrón.,,,"[-8.517364,42.893641]","[-8.599602,42.7478]",24,62,1134,63,449,,[748],"[2209, 2196]",4
7959,Alto De Encajacabras y Collado De La Traviesa por Villacarrillo y Beas de Segura.,,,"[-2.995803,38.163527]","[-2.897836,38.079183]",32,89,1964,432,1384,,"[551, 752]","[3606, 3531]",5
374,Puerto Del Zamorano por Morón de la Frontera y Olvera.,,,"[-5.464151,37.121351]","[-5.14222,37.032795]",58,84,1437,200,776,,[754],"[6155, 1794, 6180]",4
6964,El Bellotar por Yeste y Siles.,,,"[-2.628037,38.577801]","[-2.229676,38.496811]",39,135,4450,795,1358,,[758],"[136, 3595, 117]",10
9724,Santa Cecía por Santiago de Compostela.,,,"[-8.630409,42.870157]","[-8.686015,42.823717]",13,53,2038,92,568,,[759],[2209],5
9508,Cerro De Los Ángeles por Montroi.,,,"[-0.64646,39.436013]","[-0.945053,39.309345]",19,120,2218,77,763,,[760],[7183],6
7571,Gaucín y El Espino por Cortes de la Frontera.,,,"[-5.449889,36.662426]","[-5.367928,36.524302]",40,91,1853,228,836,,"[151, 171, 488, 761, 853, 909]",[4526],5
8799,Cuetos por Peñamellera Baja.,,,"[-4.632688,43.378207]","[-4.803171,43.413214]",35,60,729,17,147,,[766],[5042],3
8158,Altotero por Burgos.,,,"[-3.677355,42.362316]","[-3.631251,42.265862]",37,80,845,835,1017,,[771],[1224],3
5225,El Colladico por València y Sagunto.,,,"[-0.247228,39.966119]","[-0.390518,40.134447]",77,188,3315,7,972,,[773],"[7257, 7227, 1893, 1881]",9
9258,La Borriqueta y El Arguellite por Yeste y Nerpio.,,,"[-2.317775,38.369056]","[-2.349827,38.268079]",26,93,2045,577,1388,,"[95, 775]","[136, 105]",5
8502,Salinas De Léniz y Urbasa por Arrasate y Altsasu.,,,"[-2.40754,43.119937]","[-2.177347,42.83563]",42,165,2225,138,1010,,"[279, 322, 373, 386, 596, 731, 776]","[3203, 4638, 36]",7
3339,Elgeta y Lekoitz-Gane por Durango y Arrasate.,,,"[-2.679078,43.324135]","[-2.51121,43.342487]",31,209,2981,0,563,,"[290, 331, 353, 357, 379, 382, 782, 1042]","[7525, 3203, 7544, 7515, 7571]",8
8675,A Capela por Ferrol.,,,"[-8.176107,43.410894]","[-8.196122,43.451765]",37,83,1641,0,453,,[785],[2168],5
1691,Cresta Del Gallo y Puerto Del Garruchal por Murcia y Orihuela.,,,"[-0.685575,37.979594]","[-1.052642,37.906243]",37,144,1705,0,458,,"[787, 1103]","[4613, 235]",5
3189,Ermita De Sant Antoni por Alicante y Alcoy.,,,"[-0.473691,38.443278]","[-0.528557,38.677881]",47,110,1931,89,1050,,[788],"[151, 146, 190, 220, 139]",5
5149,Breamo por Ferrol.,,,"[-8.214359,43.422371]","[-8.155897,43.384007]",36,32,688,7,315,,[789],[2168],2
4374,La Barrerilla y Altube por Amurrio y Zuia.,,,"[-2.955647,43.144408]","[-2.866349,42.96298]",34,66,578,168,722,,"[325, 326, 791]","[1, 48]",3
6299,Collado De Cieza por Torrelavega y Corvera de Toranzo.,,,"[-4.045708,43.341285]","[-4.006097,43.203885]",43,68,1011,47,575,,[792],"[5864, 5803]",3
9657,Sotavento por Ferrol.,,,"[-8.185498,43.430375]","[-8.309935,43.562944]",16,92,1348,5,213,,[795],[2168],4
8429,Coll De La Bandereta por Alcalà de Xivert y Cabanes.,,,"[0.275112,40.24305]","[-0.036935,40.291938]",47,103,3277,35,836,,[798],"[1820, 1846, 1819]",7
10311,El Bellotar y Puerto De Onsares por Yeste y Siles.,,,"[-2.349684,38.484295]","[-2.634207,38.466619]",29,105,1757,562,1148,,"[758, 799]","[136, 3595, 117]",5
10325,Rigadas por Zalla.,,,"[-2.944642,43.25777]","[-3.143677,43.186154]",8,59,803,14,415,,[801],[7594],3
1481,Tudons y Puerto De Benifallim por Alcoy y Relleu.,,,"[-0.389552,38.777073]","[-0.315988,38.590263]",49,90,3208,453,1094,,"[534, 802, 956]","[146, 247]",7
1029,Aretxabalgane y Muniketa por Durango y Gernika-Lumo.,,,"[-2.679098,43.324165]","[-2.885213,43.20562]",26,146,1663,5,440,,"[338, 353, 414, 804, 1042]","[7525, 7544]",5
1572, El Vivero - Ganguren y Aretxabalgane por Etxebarri y Gorliz.,,,"[-2.93994,43.26834]","[-2.871733,43.297225]",35,121,1564,29,464,,"[172, 338, 606, 671, 805]","[7527, 7541]",5
9522,Chiclana De Segura por Úbeda y Villacarrillo.,,,"[-3.355079,38.032086]","[-3.04874,38.298899]",19,135,4615,469,963,,[810],"[3603, 3606]",10
3306,Salinas De Léniz y Arlaban por Vitoria-Gasteiz y Arrasate.,,,"[-2.695576,42.848235]","[-2.516646,43.076281]",30,98,1418,212,627,,"[279, 373, 638, 811, 883, 961]","[44, 3203]",4
7659,Aia y Andazarrate por Zarautz.,,,"[-2.052377,43.271904]","[-2.196327,43.298583]",47,95,1146,38,495,,"[812, 911]",[3227],4
3407,Arano por Donostia.,,,"[-1.951784,43.279867]","[-1.858464,43.203388]",47,61,815,24,462,,[816],[3217],3
10357,Udana y Gabiria por Ormaiztegi.,,,"[-2.412615,43.033011]","[-2.284582,43.06992]",13,51,954,212,503,,"[386, 397, 817, 1065]",[3210],3
6313,Portixol por Xaló.,,,"[0.104167,38.844256]","[0.137554,38.708668]",43,87,1259,0,306,,[818],[218],4
4163,La Quesera y La Quesera por Riaza.,,,"[-3.472834,41.205079]","[-3.44958,41.247895]",44,52,1328,1134,1751,,"[117, 118, 498, 820]",[6027],4
1732,El Tibidabo y Santa Creu D´Olorda por Barcelona.,,,"[2.084341,41.479085]","[2.0716,41.419265]",50,56,1273,94,499,,"[315, 323, 822]",[884],4
1360,Gabiria y Bidania por Tolosa y Azkoitia.,,,"[-2.208392,43.047867]","[-2.232726,43.113285]",32,122,2256,36,553,,"[397, 724, 823, 856, 917, 1065, 1090]","[3219, 3165, 3210]",6
3747,Los Alazores y Ochichar por Loja y Albolote.,,,"[-3.604445,37.161066]","[-4.203037,37.000771]",86,180,1794,457,1150,,"[826, 970]","[2787, 2689, 2771, 2697]",6
6296,Puerto Viejo y Villamiel por Valverde del Fresno.,,,"[-6.798175,40.21239]","[-6.832935,40.28247]",31,72,1513,419,1079,,"[674, 827]",[1751],4
6043,Campa San Juan por Cangas del Narcea y A Fonsagrada.,,,"[-6.612435,43.271167]","[-6.876193,43.062208]",35,158,3695,231,1147,,[829],"[5005, 4251, 5022]",9
2565,Las Majadas por Cuenca.,,,"[-2.130344,40.059275]","[-1.892024,40.265415]",57,114,1440,919,1523,,[831],[2295],5
3460,Montefrío por Loja y Albolote.,,,"[-3.600144,37.180559]","[-4.011335,37.317883]",91,151,1294,489,1057,,[833],"[2787, 2689, 2771]",5
4629,Sollube y Eleizalde por Bermeo.,,,"[-2.98902,43.327078]","[-2.763745,43.370713]",21,84,1549,0,684,,"[589, 835]",[7515],4
8145,Rincón Bello por Alicante y Agost.,,,"[-0.513516,38.397903]","[-0.754893,38.448691]",54,85,1456,87,870,,[837],"[151, 139]",4
4217,Carmona y Collado De Hoz por Cabezón de la Sal y San Vicente de la Barquera.,,,"[-4.191592,43.328232]","[-4.567598,43.246917]",39,117,1928,8,675,,"[288, 681, 838]","[5789, 5857, 5042]",5
226,Bianditz y Jaizkibel por Donostia y Irun.,,,"[-1.924862,43.319638]","[-1.738614,43.264983]",49,112,2399,0,647,,"[202, 257, 732, 842, 1048]","[3217, 3193]",6
9705,Alto De Las Solanas y Llombera por León y La Robla.,,,"[-5.586577,42.610818]","[-5.586562,42.84939]",15,84,1218,784,1371,,"[843, 937]","[3698, 3740]",4
4062,Ermita De San Cristóbal por Llucena.,,,"[-0.21219,40.080903]","[-0.247815,40.195561]",29,42,1356,73,1169,,[844],[1881],4
10048,Santa Locaia y Costa De Barcés por Arteixo.,,,"[-8.509647,43.300881]","[-8.417842,43.182579]",8,72,1929,17,480,,"[693, 846]",[2137],5
1504,Oiz y  El Vivero - Ganguren por Durango y Gernika-Lumo.,,,"[-2.407311,43.119504]","[-2.594834,43.227691]",34,90,2217,40,1033,,"[12, 172, 290, 338, 417, 606, 848, 1096, 1110]","[7525, 7544, 7527]",6
8834,Gaucín y El Espino por Ronda y Cortes de la Frontera.,,,"[-5.2491,36.724215]","[-5.378304,36.532642]",34,87,2530,202,846,,"[151, 171, 488, 761, 853, 909]","[4563, 4526]",6
828,Portillo De Las Batuecas y Batuecas por La Alberca.,,,"[-6.044034,40.532768]","[-6.128152,40.419417]",39,67,1750,468,1340,,"[127, 668, 855]",[5370],5
7611,Bidania y Aia por Zarautz y Tolosa.,,,"[-2.051701,43.271871]","[-2.156972,43.125299]",47,113,2016,32,600,,"[724, 812, 856, 911]","[3227, 3219, 3165]",6
496,Alobras por Albarracín.,,,"[-1.235423,40.319501]","[-1.431873,40.305324]",28,117,1823,1086,1627,,[857],[6572],5
48,Fuente Las Varas y Cruz De Usaño por Ribamontán al Monte.,,,"[-3.696241,43.345196]","[-3.559108,43.287489]",54,59,1272,99,731,,"[859, 1034]",[5839],4
2561,Ciudad Encantada y Alto Del Lugar por Cuenca.,,,"[-2.129838,40.059476]","[-1.945949,40.174152]",52,92,1330,927,1417,,"[860, 993]",[2295],4
8446,El Portillo y El Portillo por Valderrobres y Morella.,,,"[0.154307,40.874477]","[-0.078798,40.642875]",45,108,2368,447,1241,,"[869, 908]","[6784, 1889]",6
3068,Errea y Usetxi por Pamplona y Esteribar.,,,"[-1.633454,42.761245]","[-1.527086,42.94553]",28,88,1259,442,842,,"[871, 984]","[4830, 4727]",4
8576,Azpirotz y Urkillaga por Tolosa.,,,"[-1.961283,42.92503]","[-2.08687,43.106182]",39,110,2266,99,1214,,"[242, 873, 1043, 1090]",[3219],6
9424,Santuario Del Brezo y Santuario Del Brezo por Velilla del Río Carrión.,,,"[-4.594987,42.891148]","[-4.730585,42.874798]",21,53,1921,1083,1745,,"[334, 875]",[5223],5
7966,Refugio De Lizara y Fuerte Rapitán por Jaca.,,,"[-0.549998,42.666648]","[-0.6474,42.738312]",42,103,2303,781,1517,,"[634, 876]",[3421],6
8412,Urtsua por Baztan.,,,"[-1.638894,43.234378]","[-1.583233,43.15616]",50,56,1116,63,559,,[882],[4679],3
1530,Kanpazar y Atxondo por Arrasate.,,,"[-2.556253,43.140344]","[-2.496761,43.117391]",15,43,1264,68,557,,"[379, 712, 883]",[3203],3
2255,El Navaliegu y La Cruz por Oviedo y Siero.,,,"[-5.924864,43.331895]","[-5.595622,43.196373]",23,110,1595,87,838,,"[719, 884, 1071]","[5039, 5061, 5026, 5027]",5
6291,Augasantas por Santiago de Compostela y Padrón.,,,"[-8.522832,42.845279]","[-8.70977,42.767943]",23,72,1198,9,441,,[890],"[2209, 2196]",4
8497,Nuestra Señora De Tremedal y Orihuela por Albarracín.,,,"[-1.588428,40.507439]","[-1.623362,40.334566]",42,118,2853,1249,1773,,"[893, 1070]",[6572],7
8291,Oñatz y Mandubia por Azkoitia.,,,"[-2.307895,43.091995]","[-2.295061,43.119963]",17,48,1485,72,776,,"[901, 917]",[3165],4
8540,Radar De Cullera por València.,,,"[-0.36836,39.445999]","[-0.244921,39.165365]",40,88,951,0,221,,[906],[7257],4
8569,El Portillo y El Portillo por Valderrobres.,,,"[0.154588,40.874704]","[-0.03441,40.836788]",39,78,1096,452,916,,"[869, 908]",[6784],4
3862,Gaucín y El Espino por Cortes de la Frontera.,,,"[-5.436733,36.421055]","[-5.405582,36.624827]",36,111,1884,12,813,,"[151, 171, 488, 909]",[4526],5
4988,Aia y Andazarrate por Donostia.,,,"[-1.972919,43.32632]","[-2.157745,43.227003]",43,69,583,1,421,,"[812, 911]",[3217],3
6680,Puerto Lope (Velillos) y Montefrío por Loja y Albolote.,,,"[-3.608598,37.163225]","[-4.151805,37.248043]",87,156,1398,464,1001,,"[354, 833, 912, 1049]","[2787, 2689, 2771]",5
3776,Artesiaga y Egozkue por Baztan y Esteribar.,,,"[-1.8318,42.918805]","[-1.515497,43.073848]",37,130,2379,119,972,,"[152, 916]","[4679, 4727, 4897]",6
8247,Mandubia y Lizarrusti por Zarautz y Azkoitia.,,,"[-2.168903,43.281146]","[-2.175835,43.004222]",55,115,1957,0,1043,,"[917, 1043]","[3227, 3165, 4888, 3210]",5
646,Beneixama por Ontinyent y Villena.,,,"[-0.666913,38.604024]","[-0.692319,38.795106]",61,89,1301,392,1000,,[918],"[7191, 274, 190]",4
3229,Tentudía y Monasterio De Tentudía por Monesterio y Fuentes de León.,,,"[-6.536784,38.067929]","[-6.342616,38.052566]",19,57,1080,588,1153,,"[614, 628, 923]","[718, 688]",3
2459,El Vacar y Cerro Muriano por Córdoba y Obejo.,,,"[-4.792862,37.89648]","[-4.918189,38.088016]",23,78,1135,119,627,,"[925, 944]","[2076, 2102]",4
253,Jaizkibel y Fuerte De San Marcos por Donostia y Irun.,,,"[-1.924926,43.319603]","[-1.809514,43.369723]",33,65,1346,9,527,,"[257, 926]","[3217, 3193]",4
1003,Humaran y Alisedo por Zalla.,,,"[-3.077773,43.177849]","[-3.235167,43.262905]",27,67,828,48,464,,"[387, 928]",[7594],3
3200,Etxaguen por Vitoria-Gasteiz y Zuia.,,,"[-2.7012,42.846552]","[-2.675169,42.980335]",16,65,420,502,673,,[935],"[44, 48]",2
2317,Llombera por La Robla.,,,"[-5.639282,42.885687]","[-5.546851,42.915437]",30,66,1184,979,1404,,[937],[3740],4
5502,Mont Caro y Vistabella por Benicarló y La Sénia.,,,"[0.396117,40.364662]","[0.348029,40.809962]",60,190,2467,2,1371,,"[8, 942]","[1841, 6423]",7
5791,Cerro Muriano por Córdoba y Espiel.,,,"[-4.927943,38.108037]","[-4.764995,37.95577]",33,79,1135,262,656,,[944],"[2076, 2081, 2102]",4
6989,Collado De Jinquer y Collado De Cuatro Caminos por Onda.,,,"[-0.430233,39.815404]","[-0.351639,39.981714]",62,95,2186,245,821,,"[523, 945]",[1893],6
2601,Aintzioa por Pamplona y Esteribar.,,,"[-1.629473,42.759638]","[-1.439825,42.925475]",37,84,919,436,970,,[946],"[4830, 4727]",3
8592,Canencia y Fresnedillas por Soto del Real y Torrelaguna.,,,"[-3.621507,40.928548]","[-3.733313,40.732819]",39,117,1883,693,1510,,"[309, 947]","[4438, 4445]",5
5759,Puerto De La Reina por Arenas de San Pedro.,,,"[-5.085086,40.206255]","[-4.954605,40.305305]",35,88,1877,397,1639,,[948],[392],5
8391,Guirguillano por Puente la Reina y Valle de Yerri.,,,"[-1.93316,42.721955]","[-1.704817,42.663683]",53,73,1035,332,733,,[949],"[4835, 4888]",4
2045,Desierto De Las Palmas por Castelló de la Plana y Cabanes.,,,"[-0.027507,39.978729]","[0.045256,40.121847]",49,57,604,54,470,,[950],"[1853, 1846]",3
8415,Puerto De Las Abejas y Puerto Martínez por Yunquera.,,,"[-4.924308,36.988197]","[-4.889315,36.84412]",49,167,4059,46,875,,"[700, 951]",[4579],10
5310,La Camperona por Oviedo y Siero.,,,"[-5.827808,43.381264]","[-5.60607,43.329755]",35,63,746,169,570,,[954],"[5039, 5061]",3
8113,Bustidoño y Montesclaros por Reinosa.,,,"[-3.945925,42.991778]","[-4.050827,42.94261]",28,92,1094,768,1062,,"[934, 955]",[5836],4
621,Relleu por Alicante y Relleu.,,,"[-0.484391,38.346008]","[-0.263316,38.575023]",62,99,1726,13,496,,[956],"[151, 247]",5
2231,Etxauri y Genbe por Pamplona y Irurtzun.,,,"[-1.654524,42.814657]","[-1.88327,42.839093]",51,103,1577,389,925,,"[286, 957]","[4830, 4897, 4888]",5
1441,Cabanes por Alcalà de Xivert y Cabanes.,,,"[0.078286,40.054856]","[0.027183,40.486135]",61,151,1551,0,663,,[959],"[1820, 1846, 1819]",5
8054,Salinas De Léniz y Arlaban por Vitoria-Gasteiz y Arrasate.,,,"[-2.686682,42.862827]","[-2.567517,43.034561]",36,92,1142,230,749,,"[279, 373, 686, 961]","[44, 3203, 48]",4
8023,Puerto Artafi por Córdoba y Espiel.,,,"[-4.78868,37.88938]","[-5.0326,38.04505]",36,93,1847,168,836,,[964],"[2076, 2081]",5
2126,Castroviejo por Nájera.,,,"[-2.844052,42.393677]","[-2.662162,42.335947]",23,59,713,499,968,,[965],[4158],3
1116,La Aldea - Bernedo y Santuario De Codés por Campezo.,,,"[-2.093936,42.58895]","[-2.443885,42.610706]",35,111,1765,475,985,,"[266, 968]",[12],5
6010,Benagéber (El Sequer) por Requena.,,,"[-1.112691,39.489112]","[-0.976666,39.819861]",62,189,3220,231,1227,,[969],[7220],8
4006,Ochichar por Loja y Albolote.,,,"[-3.605622,37.161633]","[-4.017614,37.079639]",89,143,1509,406,1002,,[970],"[2787, 2689, 2771, 2697]",5
8473,Uitzi y Basakabi/Alto De Ezkurra por Irurtzun.,,,"[-1.828463,42.918049]","[-1.912105,43.05634]",43,137,2987,339,873,,"[378, 394, 971]",[4897],7
393,Puerto De La Calerilla por Ronda y Olvera.,,,"[-5.413212,36.876047]","[-5.14319,36.759115]",62,92,1690,362,777,,[974],"[4563, 1794]",5
10040,Puerto Del Zamorano y Puerto De Los Barrancos Blancos por El Saucejo.,,,"[-5.115786,37.240187]","[-5.161652,37.017466]",8,73,1388,228,767,,"[754, 975]",[6180],4
6970,Aracena y Santa Ana La Real por Aracena y Fuentes de León.,,,"[-6.492387,37.865306]","[-6.678597,37.928012]",40,170,3436,351,891,,"[312, 976]","[3243, 688]",8
7049,Ricote y Puerto De Ricote por Murcia.,,,"[-1.176836,38.073912]","[-1.450725,38.161204]",64,101,1007,99,518,,"[978, 1001]",[4613],4
9701,Santo Domingo por Zalla.,,,"[-3.126214,43.210795]","[-3.204688,43.21916]",15,31,1009,87,716,,[982],[7594],3
1613,Orduña y Peña Angulo por Etxebarri y Amurrio.,,,"[-2.916983,43.259246]","[-3.183578,42.96085]",31,132,1661,3,892,,"[143, 264, 757, 983]","[7527, 1, 7594, 1484]",5
6807,Errea y Usetxi por Pamplona y Esteribar.,,,"[-1.598161,42.81239]","[-1.526074,42.946155]",20,67,1140,476,895,,"[871, 984]","[4830, 4727]",4
925,Angliru y La Venta´L Aire por Oviedo y Lena.,,,"[-5.850562,43.356317]","[-5.940257,43.224705]",43,66,2449,128,1588,,"[0, 986, 1071]","[5039, 5027]",6
5141,Monasterio De Valvanera por Nájera.,,,"[-2.730876,42.415281]","[-2.779088,42.249615]",32,88,1222,482,1001,,[987],[4158],4
8115,Perdón por Pamplona y Puente la Reina.,,,"[-1.669138,42.807495]","[-1.774459,42.686058]",46,60,877,374,764,,[988],"[4830, 4835]",3
8590,Los Heros por Zalla y Valle de Mena.,,,"[-2.955231,43.261207]","[-3.191855,43.161446]",39,71,1563,0,362,,[989],"[7594, 1484]",4
7441,Presa Del Atazar por Torrelaguna.,,,"[-3.533273,40.826878]","[-3.477432,40.919886]",39,47,743,701,1087,,[990],[4445],3
5633,Potiche por Riópar.,,,"[-2.073041,38.555518]","[-2.441814,38.498139]",36,114,2595,648,1481,,[991],[117],6
1200,Urkarregi (San Miguel) y Itziar por Azkoitia y Ondarroa.,,,"[-2.312613,43.173191]","[-2.476966,43.34995]",39,101,1392,11,406,,"[992, 1059]","[3165, 7571]",4
2567,Ciudad Encantada y Alto Del Lugar por Cuenca.,,,"[-2.130191,40.05931]","[-1.916012,40.212715]",48,84,1134,912,1416,,"[860, 993]",[2295],4
3713,Urtsua y Lizarrieta por Baztan.,,,"[-1.688185,43.275389]","[-1.626493,43.232666]",40,92,2677,12,595,,"[882, 1000, 1048]",[4679],6
8099,Ricote y Puerto De Ricote por Murcia.,,,"[-1.177155,38.068066]","[-1.420955,38.168203]",50,103,1164,84,519,,"[978, 1001]",[4613],4
1075,Elosua - Gorla y Endoia por Arrasate y Azkoitia.,,,"[-2.484789,43.065652]","[-2.332043,43.278533]",29,119,2417,0,684,,"[178, 197, 290, 379, 1003, 1059]","[3203, 3165]",6
111,Cerro Negrillo por Hornachuelos.,,,"[-5.533557,37.658061]","[-5.509969,37.817146]",58,125,1243,42,796,,[1005],[2091],5
4127,El Purche y El Lucero por Dúrcal y Órgiva.,,,"[-3.602142,37.183057]","[-3.64931,37.05938]",71,125,1869,566,1492,,"[72, 1006]","[2747, 2806]",5
6769,El Sequén por Murcia y Orihuela.,,,"[-1.127975,37.945597]","[-1.039709,38.042782]",37,45,109,0,50,,[1012],"[4613, 235]",2
353,Campo Do Pozo por Santa Comba.,,,"[-8.656387,43.021834]","[-9.005246,43.221781]",28,107,1382,0,387,,[1013],[2208],4
1955,Pesadoira por Noia y Santa Comba.,,,"[-8.69431,43.211273]","[-8.867931,42.847081]",31,124,1924,3,507,,[1016],"[2189, 2208, 2177]",6
336,Santa María De La Alameda por San Lorenzo de El Escorial.,,,"[-4.159007,40.539515]","[-4.263529,40.611356]",62,62,1421,897,1439,,[1019],[4427],4
5478,Sojo por Valle de Mena.,,,"[-3.077642,43.177831]","[-3.192013,43.03168]",23,60,1352,77,720,,[1022],[1484],4
3940,Cocañín por Siero y Villaviciosa.,,,"[-5.685914,43.300344]","[-5.515914,43.399291]",43,70,1016,205,578,,[1023],"[5061, 5071, 5026]",3
1616,Las Muñecas y Talledo por Castro-Urdiales.,,,"[-2.955194,43.260541]","[-3.121398,43.304132]",33,49,785,6,377,,"[342, 1027]",[5797],3
3453,Blancares por Guadix.,,,"[-3.596533,37.182243]","[-3.155563,37.224698]",93,140,1832,683,1299,,[1030],[2761],6
3213,Portillo Del Busto y Portillo De Busto por Oña.,,,"[-3.294454,42.768979]","[-3.427395,42.685716]",33,63,638,524,986,,"[297, 1032]",[1360],3
23,Fuente Las Varas y Cruz De Usaño por Bárcena de Cicero y Ribamontán al Monte.,,,"[-3.524656,43.492172]","[-3.613798,43.279841]",49,88,1531,0,688,,"[859, 1034]","[5786, 5839]",4
4198,Arratzain por Donostia.,,,"[-1.884367,43.30973]","[-2.048869,43.269352]",37,45,592,45,293,,[1035],[3217],2
3341,Balcón De Bizkaia por Gernika-Lumo.,,,"[-2.677955,43.319631]","[-2.613576,43.240914]",32,36,804,57,842,,[1042],[7544],3
1362,Uitzi y Basakabi/Alto De Ezkurra por Donostia.,,,"[-2.201372,43.0479]","[-1.910048,43.032027]",43,131,2488,0,1247,,"[378, 394, 1043]",[3217],7
2728,Alkiza y Orendain por Donostia y Tolosa.,,,"[-1.951796,43.31618]","[-2.09038,43.048694]",29,96,1090,0,409,,"[347, 1044]","[3217, 3219]",4
211,Jaizkibel y Aritxulegi por Irun.,,,"[-1.800152,43.343581]","[-1.762427,43.263298]",47,82,1669,0,506,,"[257, 842, 1048]",[3193],5
4400,Puerto Lope (Velillos) y Montefrío por Loja y Albolote.,,,"[-3.611064,37.162217]","[-4.143265,37.276972]",86,170,1623,340,962,,"[354, 833, 912, 1049]","[2787, 2689, 2771]",6
656,Ebo y Tollos por Xaló.,,,"[-0.25244,38.794176]","[-0.06736,38.748114]",58,74,1213,91,823,,"[307, 1053]",[218],4
762,Etxauri y San Salvador por Altsasu y Irurtzun.,,,"[-2.163117,42.891573]","[-1.779919,42.813723]",39,136,2049,335,1126,,"[286, 615, 1054]","[4638, 4897, 4888]",6
6089,Los Braciquios(Barqueros) por Murcia y Alhama de Murcia.,,,"[-1.180164,38.018242]","[-1.557147,37.862119]",19,125,1456,45,1186,,[1055],"[4613, 4591]",5
5325,El Padrún por Oviedo.,,,"[-5.82765,43.381421]","[-5.766355,43.280909]",52,53,776,134,384,,[1056],[5039],3
7626,Itziar por Zarautz.,,,"[-2.052612,43.273229]","[-2.339519,43.287768]",40,91,984,32,273,,[1059],[3227],4
1199,Udana y Mandubia por Azkoitia y Ormaiztegi.,,,"[-2.31229,43.173416]","[-2.284896,43.048259]",38,72,902,88,525,,"[386, 917, 1065]","[3165, 3210]",3
5671,Simat por Benirredrà.,,,"[-0.161645,38.988477]","[-0.313618,39.058408]",80,53,560,43,453,,[1066],[7073],3
8723,Nuestra Señora De Tremedal y Orihuela por Albarracín.,,,"[-1.587912,40.507167]","[-1.654955,40.337626]",36,103,1972,1196,1683,,"[893, 1070]",[6572],5
265,El Cordal y El Padrún por Oviedo y Lena.,,,"[-5.848314,43.358102]","[-5.874929,43.228337]",41,77,1863,93,745,,"[131, 1056, 1071]","[5039, 5027]",5
8464,Coll De Bot por Valderrobres y Horta de Sant Joan.,,,"[0.258595,40.908898]","[0.322272,41.050032]",44,73,2147,228,561,,[1072],"[6784, 6450]",5
1841,Olleros De Alba por León y La Robla.,,,"[-5.570969,42.598177]","[-5.644697,42.805309]",36,83,791,804,1198,,[1074],"[3698, 3740]",3
784,Estacas De Trueba y La Braguía por Torrelavega y Corvera de Toranzo.,,,"[-4.108435,43.362268]","[-3.708115,43.118075]",42,136,2333,12,1150,,"[158, 278, 1076]","[5864, 5803]",6
232,Belate por Baztan.,,,"[-1.741434,43.086656]","[-1.608431,43.056239]",37,72,1088,108,842,,[1080],[4679],4
181, El Vivero - Ganguren y El Vivero por Etxebarri.,,,"[-2.892706,43.248174]","[-2.81896,43.327725]",37,67,961,24,405,,"[172, 606, 1084]",[7527],3
4669,La Horca y Rosales por Medina de Pomar.,,,"[-3.488373,42.94016]","[-3.279174,42.917522]",18,59,956,578,898,,"[376, 1088]",[1337],3
9550,Maigmó por Alicante y Agost.,,,"[-0.514641,38.394203]","[-0.632497,38.501744]",19,48,1550,100,1260,,[1089],"[151, 139]",4
7621,Larraitz por Tolosa y Ormaiztegi.,,,"[-2.05171,43.271959]","[-2.210355,43.04659]",61,120,1427,46,452,,[1090],"[3219, 3210]",5
1469,Albaida por València y Alicante.,,,"[-0.425523,39.4984]","[0.116353,38.729178]",48,200,1323,0,276,,[1092],"[7257, 151, 168]",6
408,Puerto Alto y El Ronquillo por Santa Olalla del Cala.,,,"[-6.174915,37.626588]","[-6.285276,37.858176]",51,96,1311,121,526,,"[1081, 1093]",[3305],4
396,Puerto De La Araña por Morón de la Frontera y Olvera.,,,"[-5.460681,37.123818]","[-5.427382,36.916538]",75,93,1426,169,630,,[1094],"[6155, 1794]",4
8755,Herrera y Opakua por Vitoria-Gasteiz y Agurain.,,,"[-2.463555,42.473037]","[-2.493167,42.832475]",35,151,2485,340,1111,,"[173, 776, 1095]","[44, 36, 31, 12]",7
1084,Atxondo y Goiuria por Durango.,,,"[-2.579304,43.101527]","[-2.6068,43.175429]",29,40,571,112,390,,"[712, 1039, 1096]",[7525],2
5769,Estacas De Trueba y La Matanela por Medina de Pomar y Espinosa de los Monteros.,,,"[-3.567376,42.94117]","[-3.813472,43.129158]",43,115,1526,303,1141,,"[158, 252, 1097]","[1337, 1274]",5
4340,Pajares y El Cordal por Oviedo y León.,,,"[-5.587775,42.631307]","[-5.771882,43.058666]",43,114,1725,129,1386,,"[69, 131, 1098]","[5039, 3698, 5027, 3740]",5
4191,Unbe por Gorliz.,,,"[-2.91256,43.297127]","[-2.876279,43.434041]",34,56,951,0,319,,[1099],[7541],3
5367,La Hayuela por Cabezón de la Sal.,,,"[-4.259646,43.378867]","[-4.280262,43.319366]",44,56,1006,84,403,,[1101],[5789],3
9531,La Almenara por Hornachuelos.,,,"[-5.106862,37.803821]","[-5.989482,37.41337]",19,226,2060,2,92,,[1102],[2091],7
8196,Puerto Del Garruchal por Murcia y Orihuela.,,,"[-1.132533,37.974005]","[-0.890773,37.966742]",39,95,811,38,295,,[1103],"[4613, 235]",3
8414,Boquete De Zafarraya y El Sol por Colmenar.,,,"[-4.256814,36.996258]","[-4.244435,37.031132]",49,110,2254,258,1100,,"[198, 258, 492, 1104]",[4523],6
8047,Herrera y La Aldea - Bernedo por Vitoria-Gasteiz y Altsasu.,,,"[-2.685705,42.837551]","[-2.442126,42.713167]",36,204,2858,514,1094,,"[173, 266, 322, 375, 596, 1105]","[44, 4638]",8
7348,Sorogain por Tolosa.,,,"[-2.070313,43.15374]","[-1.964426,43.160364]",19,49,647,42,641,,[1107],[3219],3
2637,Oiz y Gontzegaraigane por Ondarroa.,,,"[-2.355781,43.290511]","[-2.597232,43.227943]",29,97,1650,50,1071,,"[12, 382, 417, 992, 1110]",[7571],5
5288,Alto De Couso por Ourense y Maceda.,,,"[-7.865578,42.356885]","[-7.595964,42.299825]",43,89,1789,92,1301,,[1113],"[4956, 4945]",5
8417,Peñarroya por Mora de Rubielos.,,,"[-1.104652,40.341765]","[-0.733963,40.365636]",49,140,2694,909,1959,,[1115],[6704],7
3378,Collada De Arnicio por Gijón y Siero.,,,"[-5.683989,43.519741]","[-5.373615,43.237389]",39,161,2091,5,934,,[1118],"[5018, 5061, 5071, 5026, 5009]",6
1837,Ermita De Pallerols por Benicarló y La Sénia.,,,"[0.427852,40.412068]","[0.284196,40.675179]",27,87,972,28,796,,[1119],"[1841, 6423]",4
7865,Ravell por Vic.,,,"[2.265727,41.92962]","[2.441296,41.854413]",68,62,1227,463,997,,[1122],[1161],4
